Recipe_ID,Ingredient_ID,Amount_g,Cost_per_Gram,Line_Cost,Calories_per_Gram,Line_Calories
CHOCO_COOKIE,FLOUR_AP,300,"=IFERROR(INDEX(Ingredients!$F$2:$F$500,MATCH(B2,Ingredients!$A$2:$A$500,0)),0)",=C2*D2,"=IFERROR(INDEX(Ingredients!$G$2:$G$500,MATCH(B2,Ingredients!$A$2:$A$500,0)),0)",=C2*F2
CHOCO_COOKIE,SUGAR_WHT,150,"=IFERROR(INDEX(Ingredients!$F$2:$F$500,MATCH(B3,Ingredients!$A$2:$A$500,0)),0)",=C3*D3,"=IFERROR(INDEX(Ingredients!$G$2:$G$500,MATCH(B3,Ingredients!$A$2:$A$500,0)),0)",=C3*F3
CHOCO_COOKIE,BUTTER_UNS,200,"=IFERROR(INDEX(Ingredients!$F$2:$F$500,MATCH(B4,Ingredients!$A$2:$A$500,0)),0)",=C4*D4,"=IFERROR(INDEX(Ingredients!$G$2:$G$500,MATCH(B4,Ingredients!$A$2:$A$500,0)),0)",=C4*F4
CHOCO_COOKIE,CHOC_CHIP,150,"=IFERROR(INDEX(Ingredients!$F$2:$F$500,MATCH(B5,Ingredients!$A$2:$A$500,0)),0)",=C5*D5,"=IFERROR(INDEX(Ingredients!$G$2:$G$500,MATCH(B5,Ingredients!$A$2:$A$500,0)),0)",=C5*F5
CINN_ROLL,FLOUR_AP,500,"=IFERROR(INDEX(Ingredients!$F$2:$F$500,MATCH(B6,Ingredients!$A$2:$A$500,0)),0)",=C6*D6,"=IFERROR(INDEX(Ingredients!$G$2:$G$500,MATCH(B6,Ingredients!$A$2:$A$500,0)),0)",=C6*F6
CINN_ROLL,SUGAR_WHT,80,"=IFERROR(INDEX(Ingredients!$F$2:$F$500,MATCH(B7,Ingredients!$A$2:$A$500,0)),0)",=C7*D7,"=IFERROR(INDEX(Ingredients!$G$2:$G$500,MATCH(B7,Ingredients!$A$2:$A$500,0)),0)",=C7*F7
CINN_ROLL,BUTTER_UNS,120,"=IFERROR(INDEX(Ingredients!$F$2:$F$500,MATCH(B8,Ingredients!$A$2:$A$500,0)),0)",=C8*D8,"=IFERROR(INDEX(Ingredients!$G$2:$G$500,MATCH(B8,Ingredients!$A$2:$A$500,0)),0)",=C8*F8
CINN_ROLL,MILK_WHOLE,200,"=IFERROR(INDEX(Ingredients!$F$2:$F$500,MATCH(B9,Ingredients!$A$2:$A$500,0)),0)",=C9*D9,"=IFERROR(INDEX(Ingredients!$G$2:$G$500,MATCH(B9,Ingredients!$A$2:$A$500,0)),0)",=C9*F9
,,,"=IFERROR(INDEX(Ingredients!$F$2:$F$500,MATCH(B10,Ingredients!$A$2:$A$500,0)),0)",=C10*D10,"=IFERROR(INDEX(Ingredients!$G$2:$G$500,MATCH(B10,Ingredients!$A$2:$A$500,0)),0)",=C10*F10
,,,"=IFERROR(INDEX(Ingredients!$F$2:$F$500,MATCH(B11,Ingredients!$A$2:$A$500,0)),0)",=C11*D11,"=IFERROR(INDEX(Ingredients!$G$2:$G$500,MATCH(B11,Ingredients!$A$2:$A$500,0)),0)",=C11*F11
,,,"=IFERROR(INDEX(Ingredients!$F$2:$F$500,MATCH(B12,Ingredients!$A$2:$A$500,0)),0)",=C12*D12,"=IFERROR(INDEX(Ingredients!$G$2:$G$500,MATCH(B12,Ingredients!$A$2:$A$500,0)),0)",=C12*F12
,,,"=IFERROR(INDEX(Ingredients!$F$2:$F$500,MATCH(B13,Ingredients!$A$2:$A$500,0)),0)",=C13*D13,"=IFERROR(INDEX(Ingredients!$G$2:$G$500,MATCH(B13,Ingredients!$A$2:$A$500,0)),0)",=C13*F13
,,,"=IFERROR(INDEX(Ingredients!$F$2:$F$500,MATCH(B14,Ingredients!$A$2:$A$500,0)),0)",=C14*D14,"=IFERROR(INDEX(Ingredients!$G$2:$G$500,MATCH(B14,Ingredients!$A$2:$A$500,0)),0)",=C14*F14
,,,"=IFERROR(INDEX(Ingredients!$F$2:$F$500,MATCH(B15,Ingredients!$A$2:$A$500,0)),0)",=C15*D15,"=IFERROR(INDEX(Ingredients!$G$2:$G$500,MATCH(B15,Ingredients!$A$2:$A$500,0)),0)",=C15*F15
,,,"=IFERROR(INDEX(Ingredients!$F$2:$F$500,MATCH(B16,Ingredients!$A$2:$A$500,0)),0)",=C16*D16,"=IFERROR(INDEX(Ingredients!$G$2:$G$500,MATCH(B16,Ingredients!$A$2:$A$500,0)),0)",=C16*F16
,,,"=IFERROR(INDEX(Ingredients!$F$2:$F$500,MATCH(B17,Ingredients!$A$2:$A$500,0)),0)",=C17*D17,"=IFERROR(INDEX(Ingredients!$G$2:$G$500,MATCH(B17,Ingredients!$A$2:$A$500,0)),0)",=C17*F17
,,,"=IFERROR(INDEX(Ingredients!$F$2:$F$500,MATCH(B18,Ingredients!$A$2:$A$500,0)),0)",=C18*D18,"=IFERROR(INDEX(Ingredients!$G$2:$G$500,MATCH(B18,Ingredients!$A$2:$A$500,0)),0)",=C18*F18
,,,"=IFERROR(INDEX(Ingredients!$F$2:$F$500,MATCH(B19,Ingredients!$A$2:$A$500,0)),0)",=C19*D19,"=IFERROR(INDEX(Ingredients!$G$2:$G$500,MATCH(B19,Ingredients!$A$2:$A$500,0)),0)",=C19*F19
,,,"=IFERROR(INDEX(Ingredients!$F$2:$F$500,MATCH(B20,Ingredients!$A$2:$A$500,0)),0)",=C20*D20,"=IFERROR(INDEX(Ingredients!$G$2:$G$500,MATCH(B20,Ingredients!$A$2:$A$500,0)),0)",=C20*F20
,,,"=IFERROR(INDEX(Ingredients!$F$2:$F$500,MATCH(B21,Ingredients!$A$2:$A$500,0)),0)",=C21*D21,"=IFERROR(INDEX(Ingredients!$G$2:$G$500,MATCH(B21,Ingredients!$A$2:$A$500,0)),0)",=C21*F21
,,,"=IFERROR(INDEX(Ingredients!$F$2:$F$500,MATCH(B22,Ingredients!$A$2:$A$500,0)),0)",=C22*D22,"=IFERROR(INDEX(Ingredients!$G$2:$G$500,MATCH(B22,Ingredients!$A$2:$A$500,0)),0)",=C22*F22
,,,"=IFERROR(INDEX(Ingredients!$F$2:$F$500,MATCH(B23,Ingredients!$A$2:$A$500,0)),0)",=C23*D23,"=IFERROR(INDEX(Ingredients!$G$2:$G$500,MATCH(B23,Ingredients!$A$2:$A$500,0)),0)",=C23*F23
,,,"=IFERROR(INDEX(Ingredients!$F$2:$F$500,MATCH(B24,Ingredients!$A$2:$A$500,0)),0)",=C24*D24,"=IFERROR(INDEX(Ingredients!$G$2:$G$500,MATCH(B24,Ingredients!$A$2:$A$500,0)),0)",=C24*F24
,,,"=IFERROR(INDEX(Ingredients!$F$2:$F$500,MATCH(B25,Ingredients!$A$2:$A$500,0)),0)",=C25*D25,"=IFERROR(INDEX(Ingredients!$G$2:$G$500,MATCH(B25,Ingredients!$A$2:$A$500,0)),0)",=C25*F25
,,,"=IFERROR(INDEX(Ingredients!$F$2:$F$500,MATCH(B26,Ingredients!$A$2:$A$500,0)),0)",=C26*D26,"=IFERROR(INDEX(Ingredients!$G$2:$G$500,MATCH(B26,Ingredients!$A$2:$A$500,0)),0)",=C26*F26
,,,"=IFERROR(INDEX(Ingredients!$F$2:$F$500,MATCH(B27,Ingredients!$A$2:$A$500,0)),0)",=C27*D27,"=IFERROR(INDEX(Ingredients!$G$2:$G$500,MATCH(B27,Ingredients!$A$2:$A$500,0)),0)",=C27*F27
,,,"=IFERROR(INDEX(Ingredients!$F$2:$F$500,MATCH(B28,Ingredients!$A$2:$A$500,0)),0)",=C28*D28,"=IFERROR(INDEX(Ingredients!$G$2:$G$500,MATCH(B28,Ingredients!$A$2:$A$500,0)),0)",=C28*F28
,,,"=IFERROR(INDEX(Ingredients!$F$2:$F$500,MATCH(B29,Ingredients!$A$2:$A$500,0)),0)",=C29*D29,"=IFERROR(INDEX(Ingredients!$G$2:$G$500,MATCH(B29,Ingredients!$A$2:$A$500,0)),0)",=C29*F29
,,,"=IFERROR(INDEX(Ingredients!$F$2:$F$500,MATCH(B30,Ingredients!$A$2:$A$500,0)),0)",=C30*D30,"=IFERROR(INDEX(Ingredients!$G$2:$G$500,MATCH(B30,Ingredients!$A$2:$A$500,0)),0)",=C30*F30
,,,"=IFERROR(INDEX(Ingredients!$F$2:$F$500,MATCH(B31,Ingredients!$A$2:$A$500,0)),0)",=C31*D31,"=IFERROR(INDEX(Ingredients!$G$2:$G$500,MATCH(B31,Ingredients!$A$2:$A$500,0)),0)",=C31*F31
,,,"=IFERROR(INDEX(Ingredients!$F$2:$F$500,MATCH(B32,Ingredients!$A$2:$A$500,0)),0)",=C32*D32,"=IFERROR(INDEX(Ingredients!$G$2:$G$500,MATCH(B32,Ingredients!$A$2:$A$500,0)),0)",=C32*F32
,,,"=IFERROR(INDEX(Ingredients!$F$2:$F$500,MATCH(B33,Ingredients!$A$2:$A$500,0)),0)",=C33*D33,"=IFERROR(INDEX(Ingredients!$G$2:$G$500,MATCH(B33,Ingredients!$A$2:$A$500,0)),0)",=C33*F33
,,,"=IFERROR(INDEX(Ingredients!$F$2:$F$500,MATCH(B34,Ingredients!$A$2:$A$500,0)),0)",=C34*D34,"=IFERROR(INDEX(Ingredients!$G$2:$G$500,MATCH(B34,Ingredients!$A$2:$A$500,0)),0)",=C34*F34
,,,"=IFERROR(INDEX(Ingredients!$F$2:$F$500,MATCH(B35,Ingredients!$A$2:$A$500,0)),0)",=C35*D35,"=IFERROR(INDEX(Ingredients!$G$2:$G$500,MATCH(B35,Ingredients!$A$2:$A$500,0)),0)",=C35*F35
,,,"=IFERROR(INDEX(Ingredients!$F$2:$F$500,MATCH(B36,Ingredients!$A$2:$A$500,0)),0)",=C36*D36,"=IFERROR(INDEX(Ingredients!$G$2:$G$500,MATCH(B36,Ingredients!$A$2:$A$500,0)),0)",=C36*F36
,,,"=IFERROR(INDEX(Ingredients!$F$2:$F$500,MATCH(B37,Ingredients!$A$2:$A$500,0)),0)",=C37*D37,"=IFERROR(INDEX(Ingredients!$G$2:$G$500,MATCH(B37,Ingredients!$A$2:$A$500,0)),0)",=C37*F37
,,,"=IFERROR(INDEX(Ingredients!$F$2:$F$500,MATCH(B38,Ingredients!$A$2:$A$500,0)),0)",=C38*D38,"=IFERROR(INDEX(Ingredients!$G$2:$G$500,MATCH(B38,Ingredients!$A$2:$A$500,0)),0)",=C38*F38
,,,"=IFERROR(INDEX(Ingredients!$F$2:$F$500,MATCH(B39,Ingredients!$A$2:$A$500,0)),0)",=C39*D39,"=IFERROR(INDEX(Ingredients!$G$2:$G$500,MATCH(B39,Ingredients!$A$2:$A$500,0)),0)",=C39*F39
,,,"=IFERROR(INDEX(Ingredients!$F$2:$F$500,MATCH(B40,Ingredients!$A$2:$A$500,0)),0)",=C40*D40,"=IFERROR(INDEX(Ingredients!$G$2:$G$500,MATCH(B40,Ingredients!$A$2:$A$500,0)),0)",=C40*F40
,,,"=IFERROR(INDEX(Ingredients!$F$2:$F$500,MATCH(B41,Ingredients!$A$2:$A$500,0)),0)",=C41*D41,"=IFERROR(INDEX(Ingredients!$G$2:$G$500,MATCH(B41,Ingredients!$A$2:$A$500,0)),0)",=C41*F41
,,,"=IFERROR(INDEX(Ingredients!$F$2:$F$500,MATCH(B42,Ingredients!$A$2:$A$500,0)),0)",=C42*D42,"=IFERROR(INDEX(Ingredients!$G$2:$G$500,MATCH(B42,Ingredients!$A$2:$A$500,0)),0)",=C42*F42
,,,"=IFERROR(INDEX(Ingredients!$F$2:$F$500,MATCH(B43,Ingredients!$A$2:$A$500,0)),0)",=C43*D43,"=IFERROR(INDEX(Ingredients!$G$2:$G$500,MATCH(B43,Ingredients!$A$2:$A$500,0)),0)",=C43*F43
,,,"=IFERROR(INDEX(Ingredients!$F$2:$F$500,MATCH(B44,Ingredients!$A$2:$A$500,0)),0)",=C44*D44,"=IFERROR(INDEX(Ingredients!$G$2:$G$500,MATCH(B44,Ingredients!$A$2:$A$500,0)),0)",=C44*F44
,,,"=IFERROR(INDEX(Ingredients!$F$2:$F$500,MATCH(B45,Ingredients!$A$2:$A$500,0)),0)",=C45*D45,"=IFERROR(INDEX(Ingredients!$G$2:$G$500,MATCH(B45,Ingredients!$A$2:$A$500,0)),0)",=C45*F45
,,,"=IFERROR(INDEX(Ingredients!$F$2:$F$500,MATCH(B46,Ingredients!$A$2:$A$500,0)),0)",=C46*D46,"=IFERROR(INDEX(Ingredients!$G$2:$G$500,MATCH(B46,Ingredients!$A$2:$A$500,0)),0)",=C46*F46
,,,"=IFERROR(INDEX(Ingredients!$F$2:$F$500,MATCH(B47,Ingredients!$A$2:$A$500,0)),0)",=C47*D47,"=IFERROR(INDEX(Ingredients!$G$2:$G$500,MATCH(B47,Ingredients!$A$2:$A$500,0)),0)",=C47*F47
,,,"=IFERROR(INDEX(Ingredients!$F$2:$F$500,MATCH(B48,Ingredients!$A$2:$A$500,0)),0)",=C48*D48,"=IFERROR(INDEX(Ingredients!$G$2:$G$500,MATCH(B48,Ingredients!$A$2:$A$500,0)),0)",=C48*F48
,,,"=IFERROR(INDEX(Ingredients!$F$2:$F$500,MATCH(B49,Ingredients!$A$2:$A$500,0)),0)",=C49*D49,"=IFERROR(INDEX(Ingredients!$G$2:$G$500,MATCH(B49,Ingredients!$A$2:$A$500,0)),0)",=C49*F49
,,,"=IFERROR(INDEX(Ingredients!$F$2:$F$500,MATCH(B50,Ingredients!$A$2:$A$500,0)),0)",=C50*D50,"=IFERROR(INDEX(Ingredients!$G$2:$G$500,MATCH(B50,Ingredients!$A$2:$A$500,0)),0)",=C50*F50
,,,"=IFERROR(INDEX(Ingredients!$F$2:$F$500,MATCH(B51,Ingredients!$A$2:$A$500,0)),0)",=C51*D51,"=IFERROR(INDEX(Ingredients!$G$2:$G$500,MATCH(B51,Ingredients!$A$2:$A$500,0)),0)",=C51*F51
,,,"=IFERROR(INDEX(Ingredients!$F$2:$F$500,MATCH(B52,Ingredients!$A$2:$A$500,0)),0)",=C52*D52,"=IFERROR(INDEX(Ingredients!$G$2:$G$500,MATCH(B52,Ingredients!$A$2:$A$500,0)),0)",=C52*F52
,,,"=IFERROR(INDEX(Ingredients!$F$2:$F$500,MATCH(B53,Ingredients!$A$2:$A$500,0)),0)",=C53*D53,"=IFERROR(INDEX(Ingredients!$G$2:$G$500,MATCH(B53,Ingredients!$A$2:$A$500,0)),0)",=C53*F53
,,,"=IFERROR(INDEX(Ingredients!$F$2:$F$500,MATCH(B54,Ingredients!$A$2:$A$500,0)),0)",=C54*D54,"=IFERROR(INDEX(Ingredients!$G$2:$G$500,MATCH(B54,Ingredients!$A$2:$A$500,0)),0)",=C54*F54
,,,"=IFERROR(INDEX(Ingredients!$F$2:$F$500,MATCH(B55,Ingredients!$A$2:$A$500,0)),0)",=C55*D55,"=IFERROR(INDEX(Ingredients!$G$2:$G$500,MATCH(B55,Ingredients!$A$2:$A$500,0)),0)",=C55*F55
,,,"=IFERROR(INDEX(Ingredients!$F$2:$F$500,MATCH(B56,Ingredients!$A$2:$A$500,0)),0)",=C56*D56,"=IFERROR(INDEX(Ingredients!$G$2:$G$500,MATCH(B56,Ingredients!$A$2:$A$500,0)),0)",=C56*F56
,,,"=IFERROR(INDEX(Ingredients!$F$2:$F$500,MATCH(B57,Ingredients!$A$2:$A$500,0)),0)",=C57*D57,"=IFERROR(INDEX(Ingredients!$G$2:$G$500,MATCH(B57,Ingredients!$A$2:$A$500,0)),0)",=C57*F57
,,,"=IFERROR(INDEX(Ingredients!$F$2:$F$500,MATCH(B58,Ingredients!$A$2:$A$500,0)),0)",=C58*D58,"=IFERROR(INDEX(Ingredients!$G$2:$G$500,MATCH(B58,Ingredients!$A$2:$A$500,0)),0)",=C58*F58
,,,"=IFERROR(INDEX(Ingredients!$F$2:$F$500,MATCH(B59,Ingredients!$A$2:$A$500,0)),0)",=C59*D59,"=IFERROR(INDEX(Ingredients!$G$2:$G$500,MATCH(B59,Ingredients!$A$2:$A$500,0)),0)",=C59*F59
,,,"=IFERROR(INDEX(Ingredients!$F$2:$F$500,MATCH(B60,Ingredients!$A$2:$A$500,0)),0)",=C60*D60,"=IFERROR(INDEX(Ingredients!$G$2:$G$500,MATCH(B60,Ingredients!$A$2:$A$500,0)),0)",=C60*F60
,,,"=IFERROR(INDEX(Ingredients!$F$2:$F$500,MATCH(B61,Ingredients!$A$2:$A$500,0)),0)",=C61*D61,"=IFERROR(INDEX(Ingredients!$G$2:$G$500,MATCH(B61,Ingredients!$A$2:$A$500,0)),0)",=C61*F61
,,,"=IFERROR(INDEX(Ingredients!$F$2:$F$500,MATCH(B62,Ingredients!$A$2:$A$500,0)),0)",=C62*D62,"=IFERROR(INDEX(Ingredients!$G$2:$G$500,MATCH(B62,Ingredients!$A$2:$A$500,0)),0)",=C62*F62
,,,"=IFERROR(INDEX(Ingredients!$F$2:$F$500,MATCH(B63,Ingredients!$A$2:$A$500,0)),0)",=C63*D63,"=IFERROR(INDEX(Ingredients!$G$2:$G$500,MATCH(B63,Ingredients!$A$2:$A$500,0)),0)",=C63*F63
,,,"=IFERROR(INDEX(Ingredients!$F$2:$F$500,MATCH(B64,Ingredients!$A$2:$A$500,0)),0)",=C64*D64,"=IFERROR(INDEX(Ingredients!$G$2:$G$500,MATCH(B64,Ingredients!$A$2:$A$500,0)),0)",=C64*F64
,,,"=IFERROR(INDEX(Ingredients!$F$2:$F$500,MATCH(B65,Ingredients!$A$2:$A$500,0)),0)",=C65*D65,"=IFERROR(INDEX(Ingredients!$G$2:$G$500,MATCH(B65,Ingredients!$A$2:$A$500,0)),0)",=C65*F65
,,,"=IFERROR(INDEX(Ingredients!$F$2:$F$500,MATCH(B66,Ingredients!$A$2:$A$500,0)),0)",=C66*D66,"=IFERROR(INDEX(Ingredients!$G$2:$G$500,MATCH(B66,Ingredients!$A$2:$A$500,0)),0)",=C66*F66
,,,"=IFERROR(INDEX(Ingredients!$F$2:$F$500,MATCH(B67,Ingredients!$A$2:$A$500,0)),0)",=C67*D67,"=IFERROR(INDEX(Ingredients!$G$2:$G$500,MATCH(B67,Ingredients!$A$2:$A$500,0)),0)",=C67*F67
,,,"=IFERROR(INDEX(Ingredients!$F$2:$F$500,MATCH(B68,Ingredients!$A$2:$A$500,0)),0)",=C68*D68,"=IFERROR(INDEX(Ingredients!$G$2:$G$500,MATCH(B68,Ingredients!$A$2:$A$500,0)),0)",=C68*F68
,,,"=IFERROR(INDEX(Ingredients!$F$2:$F$500,MATCH(B69,Ingredients!$A$2:$A$500,0)),0)",=C69*D69,"=IFERROR(INDEX(Ingredients!$G$2:$G$500,MATCH(B69,Ingredients!$A$2:$A$500,0)),0)",=C69*F69
,,,"=IFERROR(INDEX(Ingredients!$F$2:$F$500,MATCH(B70,Ingredients!$A$2:$A$500,0)),0)",=C70*D70,"=IFERROR(INDEX(Ingredients!$G$2:$G$500,MATCH(B70,Ingredients!$A$2:$A$500,0)),0)",=C70*F70
,,,"=IFERROR(INDEX(Ingredients!$F$2:$F$500,MATCH(B71,Ingredients!$A$2:$A$500,0)),0)",=C71*D71,"=IFERROR(INDEX(Ingredients!$G$2:$G$500,MATCH(B71,Ingredients!$A$2:$A$500,0)),0)",=C71*F71
,,,"=IFERROR(INDEX(Ingredients!$F$2:$F$500,MATCH(B72,Ingredients!$A$2:$A$500,0)),0)",=C72*D72,"=IFERROR(INDEX(Ingredients!$G$2:$G$500,MATCH(B72,Ingredients!$A$2:$A$500,0)),0)",=C72*F72
,,,"=IFERROR(INDEX(Ingredients!$F$2:$F$500,MATCH(B73,Ingredients!$A$2:$A$500,0)),0)",=C73*D73,"=IFERROR(INDEX(Ingredients!$G$2:$G$500,MATCH(B73,Ingredients!$A$2:$A$500,0)),0)",=C73*F73
,,,"=IFERROR(INDEX(Ingredients!$F$2:$F$500,MATCH(B74,Ingredients!$A$2:$A$500,0)),0)",=C74*D74,"=IFERROR(INDEX(Ingredients!$G$2:$G$500,MATCH(B74,Ingredients!$A$2:$A$500,0)),0)",=C74*F74
,,,"=IFERROR(INDEX(Ingredients!$F$2:$F$500,MATCH(B75,Ingredients!$A$2:$A$500,0)),0)",=C75*D75,"=IFERROR(INDEX(Ingredients!$G$2:$G$500,MATCH(B75,Ingredients!$A$2:$A$500,0)),0)",=C75*F75
,,,"=IFERROR(INDEX(Ingredients!$F$2:$F$500,MATCH(B76,Ingredients!$A$2:$A$500,0)),0)",=C76*D76,"=IFERROR(INDEX(Ingredients!$G$2:$G$500,MATCH(B76,Ingredients!$A$2:$A$500,0)),0)",=C76*F76
,,,"=IFERROR(INDEX(Ingredients!$F$2:$F$500,MATCH(B77,Ingredients!$A$2:$A$500,0)),0)",=C77*D77,"=IFERROR(INDEX(Ingredients!$G$2:$G$500,MATCH(B77,Ingredients!$A$2:$A$500,0)),0)",=C77*F77
,,,"=IFERROR(INDEX(Ingredients!$F$2:$F$500,MATCH(B78,Ingredients!$A$2:$A$500,0)),0)",=C78*D78,"=IFERROR(INDEX(Ingredients!$G$2:$G$500,MATCH(B78,Ingredients!$A$2:$A$500,0)),0)",=C78*F78
,,,"=IFERROR(INDEX(Ingredients!$F$2:$F$500,MATCH(B79,Ingredients!$A$2:$A$500,0)),0)",=C79*D79,"=IFERROR(INDEX(Ingredients!$G$2:$G$500,MATCH(B79,Ingredients!$A$2:$A$500,0)),0)",=C79*F79
,,,"=IFERROR(INDEX(Ingredients!$F$2:$F$500,MATCH(B80,Ingredients!$A$2:$A$500,0)),0)",=C80*D80,"=IFERROR(INDEX(Ingredients!$G$2:$G$500,MATCH(B80,Ingredients!$A$2:$A$500,0)),0)",=C80*F80
,,,"=IFERROR(INDEX(Ingredients!$F$2:$F$500,MATCH(B81,Ingredients!$A$2:$A$500,0)),0)",=C81*D81,"=IFERROR(INDEX(Ingredients!$G$2:$G$500,MATCH(B81,Ingredients!$A$2:$A$500,0)),0)",=C81*F81
,,,"=IFERROR(INDEX(Ingredients!$F$2:$F$500,MATCH(B82,Ingredients!$A$2:$A$500,0)),0)",=C82*D82,"=IFERROR(INDEX(Ingredients!$G$2:$G$500,MATCH(B82,Ingredients!$A$2:$A$500,0)),0)",=C82*F82
,,,"=IFERROR(INDEX(Ingredients!$F$2:$F$500,MATCH(B83,Ingredients!$A$2:$A$500,0)),0)",=C83*D83,"=IFERROR(INDEX(Ingredients!$G$2:$G$500,MATCH(B83,Ingredients!$A$2:$A$500,0)),0)",=C83*F83
,,,"=IFERROR(INDEX(Ingredients!$F$2:$F$500,MATCH(B84,Ingredients!$A$2:$A$500,0)),0)",=C84*D84,"=IFERROR(INDEX(Ingredients!$G$2:$G$500,MATCH(B84,Ingredients!$A$2:$A$500,0)),0)",=C84*F84
,,,"=IFERROR(INDEX(Ingredients!$F$2:$F$500,MATCH(B85,Ingredients!$A$2:$A$500,0)),0)",=C85*D85,"=IFERROR(INDEX(Ingredients!$G$2:$G$500,MATCH(B85,Ingredients!$A$2:$A$500,0)),0)",=C85*F85
,,,"=IFERROR(INDEX(Ingredients!$F$2:$F$500,MATCH(B86,Ingredients!$A$2:$A$500,0)),0)",=C86*D86,"=IFERROR(INDEX(Ingredients!$G$2:$G$500,MATCH(B86,Ingredients!$A$2:$A$500,0)),0)",=C86*F86
,,,"=IFERROR(INDEX(Ingredients!$F$2:$F$500,MATCH(B87,Ingredients!$A$2:$A$500,0)),0)",=C87*D87,"=IFERROR(INDEX(Ingredients!$G$2:$G$500,MATCH(B87,Ingredients!$A$2:$A$500,0)),0)",=C87*F87
,,,"=IFERROR(INDEX(Ingredients!$F$2:$F$500,MATCH(B88,Ingredients!$A$2:$A$500,0)),0)",=C88*D88,"=IFERROR(INDEX(Ingredients!$G$2:$G$500,MATCH(B88,Ingredients!$A$2:$A$500,0)),0)",=C88*F88
,,,"=IFERROR(INDEX(Ingredients!$F$2:$F$500,MATCH(B89,Ingredients!$A$2:$A$500,0)),0)",=C89*D89,"=IFERROR(INDEX(Ingredients!$G$2:$G$500,MATCH(B89,Ingredients!$A$2:$A$500,0)),0)",=C89*F89
,,,"=IFERROR(INDEX(Ingredients!$F$2:$F$500,MATCH(B90,Ingredients!$A$2:$A$500,0)),0)",=C90*D90,"=IFERROR(INDEX(Ingredients!$G$2:$G$500,MATCH(B90,Ingredients!$A$2:$A$500,0)),0)",=C90*F90
,,,"=IFERROR(INDEX(Ingredients!$F$2:$F$500,MATCH(B91,Ingredients!$A$2:$A$500,0)),0)",=C91*D91,"=IFERROR(INDEX(Ingredients!$G$2:$G$500,MATCH(B91,Ingredients!$A$2:$A$500,0)),0)",=C91*F91
,,,"=IFERROR(INDEX(Ingredients!$F$2:$F$500,MATCH(B92,Ingredients!$A$2:$A$500,0)),0)",=C92*D92,"=IFERROR(INDEX(Ingredients!$G$2:$G$500,MATCH(B92,Ingredients!$A$2:$A$500,0)),0)",=C92*F92
,,,"=IFERROR(INDEX(Ingredients!$F$2:$F$500,MATCH(B93,Ingredients!$A$2:$A$500,0)),0)",=C93*D93,"=IFERROR(INDEX(Ingredients!$G$2:$G$500,MATCH(B93,Ingredients!$A$2:$A$500,0)),0)",=C93*F93
,,,"=IFERROR(INDEX(Ingredients!$F$2:$F$500,MATCH(B94,Ingredients!$A$2:$A$500,0)),0)",=C94*D94,"=IFERROR(INDEX(Ingredients!$G$2:$G$500,MATCH(B94,Ingredients!$A$2:$A$500,0)),0)",=C94*F94
,,,"=IFERROR(INDEX(Ingredients!$F$2:$F$500,MATCH(B95,Ingredients!$A$2:$A$500,0)),0)",=C95*D95,"=IFERROR(INDEX(Ingredients!$G$2:$G$500,MATCH(B95,Ingredients!$A$2:$A$500,0)),0)",=C95*F95
,,,"=IFERROR(INDEX(Ingredients!$F$2:$F$500,MATCH(B96,Ingredients!$A$2:$A$500,0)),0)",=C96*D96,"=IFERROR(INDEX(Ingredients!$G$2:$G$500,MATCH(B96,Ingredients!$A$2:$A$500,0)),0)",=C96*F96
,,,"=IFERROR(INDEX(Ingredients!$F$2:$F$500,MATCH(B97,Ingredients!$A$2:$A$500,0)),0)",=C97*D97,"=IFERROR(INDEX(Ingredients!$G$2:$G$500,MATCH(B97,Ingredients!$A$2:$A$500,0)),0)",=C97*F97
,,,"=IFERROR(INDEX(Ingredients!$F$2:$F$500,MATCH(B98,Ingredients!$A$2:$A$500,0)),0)",=C98*D98,"=IFERROR(INDEX(Ingredients!$G$2:$G$500,MATCH(B98,Ingredients!$A$2:$A$500,0)),0)",=C98*F98
,,,"=IFERROR(INDEX(Ingredients!$F$2:$F$500,MATCH(B99,Ingredients!$A$2:$A$500,0)),0)",=C99*D99,"=IFERROR(INDEX(Ingredients!$G$2:$G$500,MATCH(B99,Ingredients!$A$2:$A$500,0)),0)",=C99*F99
,,,"=IFERROR(INDEX(Ingredients!$F$2:$F$500,MATCH(B100,Ingredients!$A$2:$A$500,0)),0)",=C100*D100,"=IFERROR(INDEX(Ingredients!$G$2:$G$500,MATCH(B100,Ingredients!$A$2:$A$500,0)),0)",=C100*F100
,,,"=IFERROR(INDEX(Ingredients!$F$2:$F$500,MATCH(B101,Ingredients!$A$2:$A$500,0)),0)",=C101*D101,"=IFERROR(INDEX(Ingredients!$G$2:$G$500,MATCH(B101,Ingredients!$A$2:$A$500,0)),0)",=C101*F101
,,,"=IFERROR(INDEX(Ingredients!$F$2:$F$500,MATCH(B102,Ingredients!$A$2:$A$500,0)),0)",=C102*D102,"=IFERROR(INDEX(Ingredients!$G$2:$G$500,MATCH(B102,Ingredients!$A$2:$A$500,0)),0)",=C102*F102
,,,"=IFERROR(INDEX(Ingredients!$F$2:$F$500,MATCH(B103,Ingredients!$A$2:$A$500,0)),0)",=C103*D103,"=IFERROR(INDEX(Ingredients!$G$2:$G$500,MATCH(B103,Ingredients!$A$2:$A$500,0)),0)",=C103*F103
,,,"=IFERROR(INDEX(Ingredients!$F$2:$F$500,MATCH(B104,Ingredients!$A$2:$A$500,0)),0)",=C104*D104,"=IFERROR(INDEX(Ingredients!$G$2:$G$500,MATCH(B104,Ingredients!$A$2:$A$500,0)),0)",=C104*F104
,,,"=IFERROR(INDEX(Ingredients!$F$2:$F$500,MATCH(B105,Ingredients!$A$2:$A$500,0)),0)",=C105*D105,"=IFERROR(INDEX(Ingredients!$G$2:$G$500,MATCH(B105,Ingredients!$A$2:$A$500,0)),0)",=C105*F105
,,,"=IFERROR(INDEX(Ingredients!$F$2:$F$500,MATCH(B106,Ingredients!$A$2:$A$500,0)),0)",=C106*D106,"=IFERROR(INDEX(Ingredients!$G$2:$G$500,MATCH(B106,Ingredients!$A$2:$A$500,0)),0)",=C106*F106
,,,"=IFERROR(INDEX(Ingredients!$F$2:$F$500,MATCH(B107,Ingredients!$A$2:$A$500,0)),0)",=C107*D107,"=IFERROR(INDEX(Ingredients!$G$2:$G$500,MATCH(B107,Ingredients!$A$2:$A$500,0)),0)",=C107*F107
,,,"=IFERROR(INDEX(Ingredients!$F$2:$F$500,MATCH(B108,Ingredients!$A$2:$A$500,0)),0)",=C108*D108,"=IFERROR(INDEX(Ingredients!$G$2:$G$500,MATCH(B108,Ingredients!$A$2:$A$500,0)),0)",=C108*F108
,,,"=IFERROR(INDEX(Ingredients!$F$2:$F$500,MATCH(B109,Ingredients!$A$2:$A$500,0)),0)",=C109*D109,"=IFERROR(INDEX(Ingredients!$G$2:$G$500,MATCH(B109,Ingredients!$A$2:$A$500,0)),0)",=C109*F109
,,,"=IFERROR(INDEX(Ingredients!$F$2:$F$500,MATCH(B110,Ingredients!$A$2:$A$500,0)),0)",=C110*D110,"=IFERROR(INDEX(Ingredients!$G$2:$G$500,MATCH(B110,Ingredients!$A$2:$A$500,0)),0)",=C110*F110
,,,"=IFERROR(INDEX(Ingredients!$F$2:$F$500,MATCH(B111,Ingredients!$A$2:$A$500,0)),0)",=C111*D111,"=IFERROR(INDEX(Ingredients!$G$2:$G$500,MATCH(B111,Ingredients!$A$2:$A$500,0)),0)",=C111*F111
,,,"=IFERROR(INDEX(Ingredients!$F$2:$F$500,MATCH(B112,Ingredients!$A$2:$A$500,0)),0)",=C112*D112,"=IFERROR(INDEX(Ingredients!$G$2:$G$500,MATCH(B112,Ingredients!$A$2:$A$500,0)),0)",=C112*F112
,,,"=IFERROR(INDEX(Ingredients!$F$2:$F$500,MATCH(B113,Ingredients!$A$2:$A$500,0)),0)",=C113*D113,"=IFERROR(INDEX(Ingredients!$G$2:$G$500,MATCH(B113,Ingredients!$A$2:$A$500,0)),0)",=C113*F113
,,,"=IFERROR(INDEX(Ingredients!$F$2:$F$500,MATCH(B114,Ingredients!$A$2:$A$500,0)),0)",=C114*D114,"=IFERROR(INDEX(Ingredients!$G$2:$G$500,MATCH(B114,Ingredients!$A$2:$A$500,0)),0)",=C114*F114
,,,"=IFERROR(INDEX(Ingredients!$F$2:$F$500,MATCH(B115,Ingredients!$A$2:$A$500,0)),0)",=C115*D115,"=IFERROR(INDEX(Ingredients!$G$2:$G$500,MATCH(B115,Ingredients!$A$2:$A$500,0)),0)",=C115*F115
,,,"=IFERROR(INDEX(Ingredients!$F$2:$F$500,MATCH(B116,Ingredients!$A$2:$A$500,0)),0)",=C116*D116,"=IFERROR(INDEX(Ingredients!$G$2:$G$500,MATCH(B116,Ingredients!$A$2:$A$500,0)),0)",=C116*F116
,,,"=IFERROR(INDEX(Ingredients!$F$2:$F$500,MATCH(B117,Ingredients!$A$2:$A$500,0)),0)",=C117*D117,"=IFERROR(INDEX(Ingredients!$G$2:$G$500,MATCH(B117,Ingredients!$A$2:$A$500,0)),0)",=C117*F117
,,,"=IFERROR(INDEX(Ingredients!$F$2:$F$500,MATCH(B118,Ingredients!$A$2:$A$500,0)),0)",=C118*D118,"=IFERROR(INDEX(Ingredients!$G$2:$G$500,MATCH(B118,Ingredients!$A$2:$A$500,0)),0)",=C118*F118
,,,"=IFERROR(INDEX(Ingredients!$F$2:$F$500,MATCH(B119,Ingredients!$A$2:$A$500,0)),0)",=C119*D119,"=IFERROR(INDEX(Ingredients!$G$2:$G$500,MATCH(B119,Ingredients!$A$2:$A$500,0)),0)",=C119*F119
,,,"=IFERROR(INDEX(Ingredients!$F$2:$F$500,MATCH(B120,Ingredients!$A$2:$A$500,0)),0)",=C120*D120,"=IFERROR(INDEX(Ingredients!$G$2:$G$500,MATCH(B120,Ingredients!$A$2:$A$500,0)),0)",=C120*F120
,,,"=IFERROR(INDEX(Ingredients!$F$2:$F$500,MATCH(B121,Ingredients!$A$2:$A$500,0)),0)",=C121*D121,"=IFERROR(INDEX(Ingredients!$G$2:$G$500,MATCH(B121,Ingredients!$A$2:$A$500,0)),0)",=C121*F121
,,,"=IFERROR(INDEX(Ingredients!$F$2:$F$500,MATCH(B122,Ingredients!$A$2:$A$500,0)),0)",=C122*D122,"=IFERROR(INDEX(Ingredients!$G$2:$G$500,MATCH(B122,Ingredients!$A$2:$A$500,0)),0)",=C122*F122
,,,"=IFERROR(INDEX(Ingredients!$F$2:$F$500,MATCH(B123,Ingredients!$A$2:$A$500,0)),0)",=C123*D123,"=IFERROR(INDEX(Ingredients!$G$2:$G$500,MATCH(B123,Ingredients!$A$2:$A$500,0)),0)",=C123*F123
,,,"=IFERROR(INDEX(Ingredients!$F$2:$F$500,MATCH(B124,Ingredients!$A$2:$A$500,0)),0)",=C124*D124,"=IFERROR(INDEX(Ingredients!$G$2:$G$500,MATCH(B124,Ingredients!$A$2:$A$500,0)),0)",=C124*F124
,,,"=IFERROR(INDEX(Ingredients!$F$2:$F$500,MATCH(B125,Ingredients!$A$2:$A$500,0)),0)",=C125*D125,"=IFERROR(INDEX(Ingredients!$G$2:$G$500,MATCH(B125,Ingredients!$A$2:$A$500,0)),0)",=C125*F125
,,,"=IFERROR(INDEX(Ingredients!$F$2:$F$500,MATCH(B126,Ingredients!$A$2:$A$500,0)),0)",=C126*D126,"=IFERROR(INDEX(Ingredients!$G$2:$G$500,MATCH(B126,Ingredients!$A$2:$A$500,0)),0)",=C126*F126
,,,"=IFERROR(INDEX(Ingredients!$F$2:$F$500,MATCH(B127,Ingredients!$A$2:$A$500,0)),0)",=C127*D127,"=IFERROR(INDEX(Ingredients!$G$2:$G$500,MATCH(B127,Ingredients!$A$2:$A$500,0)),0)",=C127*F127
,,,"=IFERROR(INDEX(Ingredients!$F$2:$F$500,MATCH(B128,Ingredients!$A$2:$A$500,0)),0)",=C128*D128,"=IFERROR(INDEX(Ingredients!$G$2:$G$500,MATCH(B128,Ingredients!$A$2:$A$500,0)),0)",=C128*F128
,,,"=IFERROR(INDEX(Ingredients!$F$2:$F$500,MATCH(B129,Ingredients!$A$2:$A$500,0)),0)",=C129*D129,"=IFERROR(INDEX(Ingredients!$G$2:$G$500,MATCH(B129,Ingredients!$A$2:$A$500,0)),0)",=C129*F129
,,,"=IFERROR(INDEX(Ingredients!$F$2:$F$500,MATCH(B130,Ingredients!$A$2:$A$500,0)),0)",=C130*D130,"=IFERROR(INDEX(Ingredients!$G$2:$G$500,MATCH(B130,Ingredients!$A$2:$A$500,0)),0)",=C130*F130
,,,"=IFERROR(INDEX(Ingredients!$F$2:$F$500,MATCH(B131,Ingredients!$A$2:$A$500,0)),0)",=C131*D131,"=IFERROR(INDEX(Ingredients!$G$2:$G$500,MATCH(B131,Ingredients!$A$2:$A$500,0)),0)",=C131*F131
,,,"=IFERROR(INDEX(Ingredients!$F$2:$F$500,MATCH(B132,Ingredients!$A$2:$A$500,0)),0)",=C132*D132,"=IFERROR(INDEX(Ingredients!$G$2:$G$500,MATCH(B132,Ingredients!$A$2:$A$500,0)),0)",=C132*F132
,,,"=IFERROR(INDEX(Ingredients!$F$2:$F$500,MATCH(B133,Ingredients!$A$2:$A$500,0)),0)",=C133*D133,"=IFERROR(INDEX(Ingredients!$G$2:$G$500,MATCH(B133,Ingredients!$A$2:$A$500,0)),0)",=C133*F133
,,,"=IFERROR(INDEX(Ingredients!$F$2:$F$500,MATCH(B134,Ingredients!$A$2:$A$500,0)),0)",=C134*D134,"=IFERROR(INDEX(Ingredients!$G$2:$G$500,MATCH(B134,Ingredients!$A$2:$A$500,0)),0)",=C134*F134
,,,"=IFERROR(INDEX(Ingredients!$F$2:$F$500,MATCH(B135,Ingredients!$A$2:$A$500,0)),0)",=C135*D135,"=IFERROR(INDEX(Ingredients!$G$2:$G$500,MATCH(B135,Ingredients!$A$2:$A$500,0)),0)",=C135*F135
,,,"=IFERROR(INDEX(Ingredients!$F$2:$F$500,MATCH(B136,Ingredients!$A$2:$A$500,0)),0)",=C136*D136,"=IFERROR(INDEX(Ingredients!$G$2:$G$500,MATCH(B136,Ingredients!$A$2:$A$500,0)),0)",=C136*F136
,,,"=IFERROR(INDEX(Ingredients!$F$2:$F$500,MATCH(B137,Ingredients!$A$2:$A$500,0)),0)",=C137*D137,"=IFERROR(INDEX(Ingredients!$G$2:$G$500,MATCH(B137,Ingredients!$A$2:$A$500,0)),0)",=C137*F137
,,,"=IFERROR(INDEX(Ingredients!$F$2:$F$500,MATCH(B138,Ingredients!$A$2:$A$500,0)),0)",=C138*D138,"=IFERROR(INDEX(Ingredients!$G$2:$G$500,MATCH(B138,Ingredients!$A$2:$A$500,0)),0)",=C138*F138
,,,"=IFERROR(INDEX(Ingredients!$F$2:$F$500,MATCH(B139,Ingredients!$A$2:$A$500,0)),0)",=C139*D139,"=IFERROR(INDEX(Ingredients!$G$2:$G$500,MATCH(B139,Ingredients!$A$2:$A$500,0)),0)",=C139*F139
,,,"=IFERROR(INDEX(Ingredients!$F$2:$F$500,MATCH(B140,Ingredients!$A$2:$A$500,0)),0)",=C140*D140,"=IFERROR(INDEX(Ingredients!$G$2:$G$500,MATCH(B140,Ingredients!$A$2:$A$500,0)),0)",=C140*F140
,,,"=IFERROR(INDEX(Ingredients!$F$2:$F$500,MATCH(B141,Ingredients!$A$2:$A$500,0)),0)",=C141*D141,"=IFERROR(INDEX(Ingredients!$G$2:$G$500,MATCH(B141,Ingredients!$A$2:$A$500,0)),0)",=C141*F141
,,,"=IFERROR(INDEX(Ingredients!$F$2:$F$500,MATCH(B142,Ingredients!$A$2:$A$500,0)),0)",=C142*D142,"=IFERROR(INDEX(Ingredients!$G$2:$G$500,MATCH(B142,Ingredients!$A$2:$A$500,0)),0)",=C142*F142
,,,"=IFERROR(INDEX(Ingredients!$F$2:$F$500,MATCH(B143,Ingredients!$A$2:$A$500,0)),0)",=C143*D143,"=IFERROR(INDEX(Ingredients!$G$2:$G$500,MATCH(B143,Ingredients!$A$2:$A$500,0)),0)",=C143*F143
,,,"=IFERROR(INDEX(Ingredients!$F$2:$F$500,MATCH(B144,Ingredients!$A$2:$A$500,0)),0)",=C144*D144,"=IFERROR(INDEX(Ingredients!$G$2:$G$500,MATCH(B144,Ingredients!$A$2:$A$500,0)),0)",=C144*F144
,,,"=IFERROR(INDEX(Ingredients!$F$2:$F$500,MATCH(B145,Ingredients!$A$2:$A$500,0)),0)",=C145*D145,"=IFERROR(INDEX(Ingredients!$G$2:$G$500,MATCH(B145,Ingredients!$A$2:$A$500,0)),0)",=C145*F145
,,,"=IFERROR(INDEX(Ingredients!$F$2:$F$500,MATCH(B146,Ingredients!$A$2:$A$500,0)),0)",=C146*D146,"=IFERROR(INDEX(Ingredients!$G$2:$G$500,MATCH(B146,Ingredients!$A$2:$A$500,0)),0)",=C146*F146
,,,"=IFERROR(INDEX(Ingredients!$F$2:$F$500,MATCH(B147,Ingredients!$A$2:$A$500,0)),0)",=C147*D147,"=IFERROR(INDEX(Ingredients!$G$2:$G$500,MATCH(B147,Ingredients!$A$2:$A$500,0)),0)",=C147*F147
,,,"=IFERROR(INDEX(Ingredients!$F$2:$F$500,MATCH(B148,Ingredients!$A$2:$A$500,0)),0)",=C148*D148,"=IFERROR(INDEX(Ingredients!$G$2:$G$500,MATCH(B148,Ingredients!$A$2:$A$500,0)),0)",=C148*F148
,,,"=IFERROR(INDEX(Ingredients!$F$2:$F$500,MATCH(B149,Ingredients!$A$2:$A$500,0)),0)",=C149*D149,"=IFERROR(INDEX(Ingredients!$G$2:$G$500,MATCH(B149,Ingredients!$A$2:$A$500,0)),0)",=C149*F149
,,,"=IFERROR(INDEX(Ingredients!$F$2:$F$500,MATCH(B150,Ingredients!$A$2:$A$500,0)),0)",=C150*D150,"=IFERROR(INDEX(Ingredients!$G$2:$G$500,MATCH(B150,Ingredients!$A$2:$A$500,0)),0)",=C150*F150
,,,"=IFERROR(INDEX(Ingredients!$F$2:$F$500,MATCH(B151,Ingredients!$A$2:$A$500,0)),0)",=C151*D151,"=IFERROR(INDEX(Ingredients!$G$2:$G$500,MATCH(B151,Ingredients!$A$2:$A$500,0)),0)",=C151*F151
,,,"=IFERROR(INDEX(Ingredients!$F$2:$F$500,MATCH(B152,Ingredients!$A$2:$A$500,0)),0)",=C152*D152,"=IFERROR(INDEX(Ingredients!$G$2:$G$500,MATCH(B152,Ingredients!$A$2:$A$500,0)),0)",=C152*F152
,,,"=IFERROR(INDEX(Ingredients!$F$2:$F$500,MATCH(B153,Ingredients!$A$2:$A$500,0)),0)",=C153*D153,"=IFERROR(INDEX(Ingredients!$G$2:$G$500,MATCH(B153,Ingredients!$A$2:$A$500,0)),0)",=C153*F153
,,,"=IFERROR(INDEX(Ingredients!$F$2:$F$500,MATCH(B154,Ingredients!$A$2:$A$500,0)),0)",=C154*D154,"=IFERROR(INDEX(Ingredients!$G$2:$G$500,MATCH(B154,Ingredients!$A$2:$A$500,0)),0)",=C154*F154
,,,"=IFERROR(INDEX(Ingredients!$F$2:$F$500,MATCH(B155,Ingredients!$A$2:$A$500,0)),0)",=C155*D155,"=IFERROR(INDEX(Ingredients!$G$2:$G$500,MATCH(B155,Ingredients!$A$2:$A$500,0)),0)",=C155*F155
,,,"=IFERROR(INDEX(Ingredients!$F$2:$F$500,MATCH(B156,Ingredients!$A$2:$A$500,0)),0)",=C156*D156,"=IFERROR(INDEX(Ingredients!$G$2:$G$500,MATCH(B156,Ingredients!$A$2:$A$500,0)),0)",=C156*F156
,,,"=IFERROR(INDEX(Ingredients!$F$2:$F$500,MATCH(B157,Ingredients!$A$2:$A$500,0)),0)",=C157*D157,"=IFERROR(INDEX(Ingredients!$G$2:$G$500,MATCH(B157,Ingredients!$A$2:$A$500,0)),0)",=C157*F157
,,,"=IFERROR(INDEX(Ingredients!$F$2:$F$500,MATCH(B158,Ingredients!$A$2:$A$500,0)),0)",=C158*D158,"=IFERROR(INDEX(Ingredients!$G$2:$G$500,MATCH(B158,Ingredients!$A$2:$A$500,0)),0)",=C158*F158
,,,"=IFERROR(INDEX(Ingredients!$F$2:$F$500,MATCH(B159,Ingredients!$A$2:$A$500,0)),0)",=C159*D159,"=IFERROR(INDEX(Ingredients!$G$2:$G$500,MATCH(B159,Ingredients!$A$2:$A$500,0)),0)",=C159*F159
,,,"=IFERROR(INDEX(Ingredients!$F$2:$F$500,MATCH(B160,Ingredients!$A$2:$A$500,0)),0)",=C160*D160,"=IFERROR(INDEX(Ingredients!$G$2:$G$500,MATCH(B160,Ingredients!$A$2:$A$500,0)),0)",=C160*F160
,,,"=IFERROR(INDEX(Ingredients!$F$2:$F$500,MATCH(B161,Ingredients!$A$2:$A$500,0)),0)",=C161*D161,"=IFERROR(INDEX(Ingredients!$G$2:$G$500,MATCH(B161,Ingredients!$A$2:$A$500,0)),0)",=C161*F161
,,,"=IFERROR(INDEX(Ingredients!$F$2:$F$500,MATCH(B162,Ingredients!$A$2:$A$500,0)),0)",=C162*D162,"=IFERROR(INDEX(Ingredients!$G$2:$G$500,MATCH(B162,Ingredients!$A$2:$A$500,0)),0)",=C162*F162
,,,"=IFERROR(INDEX(Ingredients!$F$2:$F$500,MATCH(B163,Ingredients!$A$2:$A$500,0)),0)",=C163*D163,"=IFERROR(INDEX(Ingredients!$G$2:$G$500,MATCH(B163,Ingredients!$A$2:$A$500,0)),0)",=C163*F163
,,,"=IFERROR(INDEX(Ingredients!$F$2:$F$500,MATCH(B164,Ingredients!$A$2:$A$500,0)),0)",=C164*D164,"=IFERROR(INDEX(Ingredients!$G$2:$G$500,MATCH(B164,Ingredients!$A$2:$A$500,0)),0)",=C164*F164
,,,"=IFERROR(INDEX(Ingredients!$F$2:$F$500,MATCH(B165,Ingredients!$A$2:$A$500,0)),0)",=C165*D165,"=IFERROR(INDEX(Ingredients!$G$2:$G$500,MATCH(B165,Ingredients!$A$2:$A$500,0)),0)",=C165*F165
,,,"=IFERROR(INDEX(Ingredients!$F$2:$F$500,MATCH(B166,Ingredients!$A$2:$A$500,0)),0)",=C166*D166,"=IFERROR(INDEX(Ingredients!$G$2:$G$500,MATCH(B166,Ingredients!$A$2:$A$500,0)),0)",=C166*F166
,,,"=IFERROR(INDEX(Ingredients!$F$2:$F$500,MATCH(B167,Ingredients!$A$2:$A$500,0)),0)",=C167*D167,"=IFERROR(INDEX(Ingredients!$G$2:$G$500,MATCH(B167,Ingredients!$A$2:$A$500,0)),0)",=C167*F167
,,,"=IFERROR(INDEX(Ingredients!$F$2:$F$500,MATCH(B168,Ingredients!$A$2:$A$500,0)),0)",=C168*D168,"=IFERROR(INDEX(Ingredients!$G$2:$G$500,MATCH(B168,Ingredients!$A$2:$A$500,0)),0)",=C168*F168
,,,"=IFERROR(INDEX(Ingredients!$F$2:$F$500,MATCH(B169,Ingredients!$A$2:$A$500,0)),0)",=C169*D169,"=IFERROR(INDEX(Ingredients!$G$2:$G$500,MATCH(B169,Ingredients!$A$2:$A$500,0)),0)",=C169*F169
,,,"=IFERROR(INDEX(Ingredients!$F$2:$F$500,MATCH(B170,Ingredients!$A$2:$A$500,0)),0)",=C170*D170,"=IFERROR(INDEX(Ingredients!$G$2:$G$500,MATCH(B170,Ingredients!$A$2:$A$500,0)),0)",=C170*F170
,,,"=IFERROR(INDEX(Ingredients!$F$2:$F$500,MATCH(B171,Ingredients!$A$2:$A$500,0)),0)",=C171*D171,"=IFERROR(INDEX(Ingredients!$G$2:$G$500,MATCH(B171,Ingredients!$A$2:$A$500,0)),0)",=C171*F171
,,,"=IFERROR(INDEX(Ingredients!$F$2:$F$500,MATCH(B172,Ingredients!$A$2:$A$500,0)),0)",=C172*D172,"=IFERROR(INDEX(Ingredients!$G$2:$G$500,MATCH(B172,Ingredients!$A$2:$A$500,0)),0)",=C172*F172
,,,"=IFERROR(INDEX(Ingredients!$F$2:$F$500,MATCH(B173,Ingredients!$A$2:$A$500,0)),0)",=C173*D173,"=IFERROR(INDEX(Ingredients!$G$2:$G$500,MATCH(B173,Ingredients!$A$2:$A$500,0)),0)",=C173*F173
,,,"=IFERROR(INDEX(Ingredients!$F$2:$F$500,MATCH(B174,Ingredients!$A$2:$A$500,0)),0)",=C174*D174,"=IFERROR(INDEX(Ingredients!$G$2:$G$500,MATCH(B174,Ingredients!$A$2:$A$500,0)),0)",=C174*F174
,,,"=IFERROR(INDEX(Ingredients!$F$2:$F$500,MATCH(B175,Ingredients!$A$2:$A$500,0)),0)",=C175*D175,"=IFERROR(INDEX(Ingredients!$G$2:$G$500,MATCH(B175,Ingredients!$A$2:$A$500,0)),0)",=C175*F175
,,,"=IFERROR(INDEX(Ingredients!$F$2:$F$500,MATCH(B176,Ingredients!$A$2:$A$500,0)),0)",=C176*D176,"=IFERROR(INDEX(Ingredients!$G$2:$G$500,MATCH(B176,Ingredients!$A$2:$A$500,0)),0)",=C176*F176
,,,"=IFERROR(INDEX(Ingredients!$F$2:$F$500,MATCH(B177,Ingredients!$A$2:$A$500,0)),0)",=C177*D177,"=IFERROR(INDEX(Ingredients!$G$2:$G$500,MATCH(B177,Ingredients!$A$2:$A$500,0)),0)",=C177*F177
,,,"=IFERROR(INDEX(Ingredients!$F$2:$F$500,MATCH(B178,Ingredients!$A$2:$A$500,0)),0)",=C178*D178,"=IFERROR(INDEX(Ingredients!$G$2:$G$500,MATCH(B178,Ingredients!$A$2:$A$500,0)),0)",=C178*F178
,,,"=IFERROR(INDEX(Ingredients!$F$2:$F$500,MATCH(B179,Ingredients!$A$2:$A$500,0)),0)",=C179*D179,"=IFERROR(INDEX(Ingredients!$G$2:$G$500,MATCH(B179,Ingredients!$A$2:$A$500,0)),0)",=C179*F179
,,,"=IFERROR(INDEX(Ingredients!$F$2:$F$500,MATCH(B180,Ingredients!$A$2:$A$500,0)),0)",=C180*D180,"=IFERROR(INDEX(Ingredients!$G$2:$G$500,MATCH(B180,Ingredients!$A$2:$A$500,0)),0)",=C180*F180
,,,"=IFERROR(INDEX(Ingredients!$F$2:$F$500,MATCH(B181,Ingredients!$A$2:$A$500,0)),0)",=C181*D181,"=IFERROR(INDEX(Ingredients!$G$2:$G$500,MATCH(B181,Ingredients!$A$2:$A$500,0)),0)",=C181*F181
,,,"=IFERROR(INDEX(Ingredients!$F$2:$F$500,MATCH(B182,Ingredients!$A$2:$A$500,0)),0)",=C182*D182,"=IFERROR(INDEX(Ingredients!$G$2:$G$500,MATCH(B182,Ingredients!$A$2:$A$500,0)),0)",=C182*F182
,,,"=IFERROR(INDEX(Ingredients!$F$2:$F$500,MATCH(B183,Ingredients!$A$2:$A$500,0)),0)",=C183*D183,"=IFERROR(INDEX(Ingredients!$G$2:$G$500,MATCH(B183,Ingredients!$A$2:$A$500,0)),0)",=C183*F183
,,,"=IFERROR(INDEX(Ingredients!$F$2:$F$500,MATCH(B184,Ingredients!$A$2:$A$500,0)),0)",=C184*D184,"=IFERROR(INDEX(Ingredients!$G$2:$G$500,MATCH(B184,Ingredients!$A$2:$A$500,0)),0)",=C184*F184
,,,"=IFERROR(INDEX(Ingredients!$F$2:$F$500,MATCH(B185,Ingredients!$A$2:$A$500,0)),0)",=C185*D185,"=IFERROR(INDEX(Ingredients!$G$2:$G$500,MATCH(B185,Ingredients!$A$2:$A$500,0)),0)",=C185*F185
,,,"=IFERROR(INDEX(Ingredients!$F$2:$F$500,MATCH(B186,Ingredients!$A$2:$A$500,0)),0)",=C186*D186,"=IFERROR(INDEX(Ingredients!$G$2:$G$500,MATCH(B186,Ingredients!$A$2:$A$500,0)),0)",=C186*F186
,,,"=IFERROR(INDEX(Ingredients!$F$2:$F$500,MATCH(B187,Ingredients!$A$2:$A$500,0)),0)",=C187*D187,"=IFERROR(INDEX(Ingredients!$G$2:$G$500,MATCH(B187,Ingredients!$A$2:$A$500,0)),0)",=C187*F187
,,,"=IFERROR(INDEX(Ingredients!$F$2:$F$500,MATCH(B188,Ingredients!$A$2:$A$500,0)),0)",=C188*D188,"=IFERROR(INDEX(Ingredients!$G$2:$G$500,MATCH(B188,Ingredients!$A$2:$A$500,0)),0)",=C188*F188
,,,"=IFERROR(INDEX(Ingredients!$F$2:$F$500,MATCH(B189,Ingredients!$A$2:$A$500,0)),0)",=C189*D189,"=IFERROR(INDEX(Ingredients!$G$2:$G$500,MATCH(B189,Ingredients!$A$2:$A$500,0)),0)",=C189*F189
,,,"=IFERROR(INDEX(Ingredients!$F$2:$F$500,MATCH(B190,Ingredients!$A$2:$A$500,0)),0)",=C190*D190,"=IFERROR(INDEX(Ingredients!$G$2:$G$500,MATCH(B190,Ingredients!$A$2:$A$500,0)),0)",=C190*F190
,,,"=IFERROR(INDEX(Ingredients!$F$2:$F$500,MATCH(B191,Ingredients!$A$2:$A$500,0)),0)",=C191*D191,"=IFERROR(INDEX(Ingredients!$G$2:$G$500,MATCH(B191,Ingredients!$A$2:$A$500,0)),0)",=C191*F191
,,,"=IFERROR(INDEX(Ingredients!$F$2:$F$500,MATCH(B192,Ingredients!$A$2:$A$500,0)),0)",=C192*D192,"=IFERROR(INDEX(Ingredients!$G$2:$G$500,MATCH(B192,Ingredients!$A$2:$A$500,0)),0)",=C192*F192
,,,"=IFERROR(INDEX(Ingredients!$F$2:$F$500,MATCH(B193,Ingredients!$A$2:$A$500,0)),0)",=C193*D193,"=IFERROR(INDEX(Ingredients!$G$2:$G$500,MATCH(B193,Ingredients!$A$2:$A$500,0)),0)",=C193*F193
,,,"=IFERROR(INDEX(Ingredients!$F$2:$F$500,MATCH(B194,Ingredients!$A$2:$A$500,0)),0)",=C194*D194,"=IFERROR(INDEX(Ingredients!$G$2:$G$500,MATCH(B194,Ingredients!$A$2:$A$500,0)),0)",=C194*F194
,,,"=IFERROR(INDEX(Ingredients!$F$2:$F$500,MATCH(B195,Ingredients!$A$2:$A$500,0)),0)",=C195*D195,"=IFERROR(INDEX(Ingredients!$G$2:$G$500,MATCH(B195,Ingredients!$A$2:$A$500,0)),0)",=C195*F195
,,,"=IFERROR(INDEX(Ingredients!$F$2:$F$500,MATCH(B196,Ingredients!$A$2:$A$500,0)),0)",=C196*D196,"=IFERROR(INDEX(Ingredients!$G$2:$G$500,MATCH(B196,Ingredients!$A$2:$A$500,0)),0)",=C196*F196
,,,"=IFERROR(INDEX(Ingredients!$F$2:$F$500,MATCH(B197,Ingredients!$A$2:$A$500,0)),0)",=C197*D197,"=IFERROR(INDEX(Ingredients!$G$2:$G$500,MATCH(B197,Ingredients!$A$2:$A$500,0)),0)",=C197*F197
,,,"=IFERROR(INDEX(Ingredients!$F$2:$F$500,MATCH(B198,Ingredients!$A$2:$A$500,0)),0)",=C198*D198,"=IFERROR(INDEX(Ingredients!$G$2:$G$500,MATCH(B198,Ingredients!$A$2:$A$500,0)),0)",=C198*F198
,,,"=IFERROR(INDEX(Ingredients!$F$2:$F$500,MATCH(B199,Ingredients!$A$2:$A$500,0)),0)",=C199*D199,"=IFERROR(INDEX(Ingredients!$G$2:$G$500,MATCH(B199,Ingredients!$A$2:$A$500,0)),0)",=C199*F199
,,,"=IFERROR(INDEX(Ingredients!$F$2:$F$500,MATCH(B200,Ingredients!$A$2:$A$500,0)),0)",=C200*D200,"=IFERROR(INDEX(Ingredients!$G$2:$G$500,MATCH(B200,Ingredients!$A$2:$A$500,0)),0)",=C200*F200
,,,"=IFERROR(INDEX(Ingredients!$F$2:$F$500,MATCH(B201,Ingredients!$A$2:$A$500,0)),0)",=C201*D201,"=IFERROR(INDEX(Ingredients!$G$2:$G$500,MATCH(B201,Ingredients!$A$2:$A$500,0)),0)",=C201*F201
,,,"=IFERROR(INDEX(Ingredients!$F$2:$F$500,MATCH(B202,Ingredients!$A$2:$A$500,0)),0)",=C202*D202,"=IFERROR(INDEX(Ingredients!$G$2:$G$500,MATCH(B202,Ingredients!$A$2:$A$500,0)),0)",=C202*F202
,,,"=IFERROR(INDEX(Ingredients!$F$2:$F$500,MATCH(B203,Ingredients!$A$2:$A$500,0)),0)",=C203*D203,"=IFERROR(INDEX(Ingredients!$G$2:$G$500,MATCH(B203,Ingredients!$A$2:$A$500,0)),0)",=C203*F203
,,,"=IFERROR(INDEX(Ingredients!$F$2:$F$500,MATCH(B204,Ingredients!$A$2:$A$500,0)),0)",=C204*D204,"=IFERROR(INDEX(Ingredients!$G$2:$G$500,MATCH(B204,Ingredients!$A$2:$A$500,0)),0)",=C204*F204
,,,"=IFERROR(INDEX(Ingredients!$F$2:$F$500,MATCH(B205,Ingredients!$A$2:$A$500,0)),0)",=C205*D205,"=IFERROR(INDEX(Ingredients!$G$2:$G$500,MATCH(B205,Ingredients!$A$2:$A$500,0)),0)",=C205*F205
,,,"=IFERROR(INDEX(Ingredients!$F$2:$F$500,MATCH(B206,Ingredients!$A$2:$A$500,0)),0)",=C206*D206,"=IFERROR(INDEX(Ingredients!$G$2:$G$500,MATCH(B206,Ingredients!$A$2:$A$500,0)),0)",=C206*F206
,,,"=IFERROR(INDEX(Ingredients!$F$2:$F$500,MATCH(B207,Ingredients!$A$2:$A$500,0)),0)",=C207*D207,"=IFERROR(INDEX(Ingredients!$G$2:$G$500,MATCH(B207,Ingredients!$A$2:$A$500,0)),0)",=C207*F207
,,,"=IFERROR(INDEX(Ingredients!$F$2:$F$500,MATCH(B208,Ingredients!$A$2:$A$500,0)),0)",=C208*D208,"=IFERROR(INDEX(Ingredients!$G$2:$G$500,MATCH(B208,Ingredients!$A$2:$A$500,0)),0)",=C208*F208
,,,"=IFERROR(INDEX(Ingredients!$F$2:$F$500,MATCH(B209,Ingredients!$A$2:$A$500,0)),0)",=C209*D209,"=IFERROR(INDEX(Ingredients!$G$2:$G$500,MATCH(B209,Ingredients!$A$2:$A$500,0)),0)",=C209*F209
,,,"=IFERROR(INDEX(Ingredients!$F$2:$F$500,MATCH(B210,Ingredients!$A$2:$A$500,0)),0)",=C210*D210,"=IFERROR(INDEX(Ingredients!$G$2:$G$500,MATCH(B210,Ingredients!$A$2:$A$500,0)),0)",=C210*F210
,,,"=IFERROR(INDEX(Ingredients!$F$2:$F$500,MATCH(B211,Ingredients!$A$2:$A$500,0)),0)",=C211*D211,"=IFERROR(INDEX(Ingredients!$G$2:$G$500,MATCH(B211,Ingredients!$A$2:$A$500,0)),0)",=C211*F211
,,,"=IFERROR(INDEX(Ingredients!$F$2:$F$500,MATCH(B212,Ingredients!$A$2:$A$500,0)),0)",=C212*D212,"=IFERROR(INDEX(Ingredients!$G$2:$G$500,MATCH(B212,Ingredients!$A$2:$A$500,0)),0)",=C212*F212
,,,"=IFERROR(INDEX(Ingredients!$F$2:$F$500,MATCH(B213,Ingredients!$A$2:$A$500,0)),0)",=C213*D213,"=IFERROR(INDEX(Ingredients!$G$2:$G$500,MATCH(B213,Ingredients!$A$2:$A$500,0)),0)",=C213*F213
,,,"=IFERROR(INDEX(Ingredients!$F$2:$F$500,MATCH(B214,Ingredients!$A$2:$A$500,0)),0)",=C214*D214,"=IFERROR(INDEX(Ingredients!$G$2:$G$500,MATCH(B214,Ingredients!$A$2:$A$500,0)),0)",=C214*F214
,,,"=IFERROR(INDEX(Ingredients!$F$2:$F$500,MATCH(B215,Ingredients!$A$2:$A$500,0)),0)",=C215*D215,"=IFERROR(INDEX(Ingredients!$G$2:$G$500,MATCH(B215,Ingredients!$A$2:$A$500,0)),0)",=C215*F215
,,,"=IFERROR(INDEX(Ingredients!$F$2:$F$500,MATCH(B216,Ingredients!$A$2:$A$500,0)),0)",=C216*D216,"=IFERROR(INDEX(Ingredients!$G$2:$G$500,MATCH(B216,Ingredients!$A$2:$A$500,0)),0)",=C216*F216
,,,"=IFERROR(INDEX(Ingredients!$F$2:$F$500,MATCH(B217,Ingredients!$A$2:$A$500,0)),0)",=C217*D217,"=IFERROR(INDEX(Ingredients!$G$2:$G$500,MATCH(B217,Ingredients!$A$2:$A$500,0)),0)",=C217*F217
,,,"=IFERROR(INDEX(Ingredients!$F$2:$F$500,MATCH(B218,Ingredients!$A$2:$A$500,0)),0)",=C218*D218,"=IFERROR(INDEX(Ingredients!$G$2:$G$500,MATCH(B218,Ingredients!$A$2:$A$500,0)),0)",=C218*F218
,,,"=IFERROR(INDEX(Ingredients!$F$2:$F$500,MATCH(B219,Ingredients!$A$2:$A$500,0)),0)",=C219*D219,"=IFERROR(INDEX(Ingredients!$G$2:$G$500,MATCH(B219,Ingredients!$A$2:$A$500,0)),0)",=C219*F219
,,,"=IFERROR(INDEX(Ingredients!$F$2:$F$500,MATCH(B220,Ingredients!$A$2:$A$500,0)),0)",=C220*D220,"=IFERROR(INDEX(Ingredients!$G$2:$G$500,MATCH(B220,Ingredients!$A$2:$A$500,0)),0)",=C220*F220
,,,"=IFERROR(INDEX(Ingredients!$F$2:$F$500,MATCH(B221,Ingredients!$A$2:$A$500,0)),0)",=C221*D221,"=IFERROR(INDEX(Ingredients!$G$2:$G$500,MATCH(B221,Ingredients!$A$2:$A$500,0)),0)",=C221*F221
,,,"=IFERROR(INDEX(Ingredients!$F$2:$F$500,MATCH(B222,Ingredients!$A$2:$A$500,0)),0)",=C222*D222,"=IFERROR(INDEX(Ingredients!$G$2:$G$500,MATCH(B222,Ingredients!$A$2:$A$500,0)),0)",=C222*F222
,,,"=IFERROR(INDEX(Ingredients!$F$2:$F$500,MATCH(B223,Ingredients!$A$2:$A$500,0)),0)",=C223*D223,"=IFERROR(INDEX(Ingredients!$G$2:$G$500,MATCH(B223,Ingredients!$A$2:$A$500,0)),0)",=C223*F223
,,,"=IFERROR(INDEX(Ingredients!$F$2:$F$500,MATCH(B224,Ingredients!$A$2:$A$500,0)),0)",=C224*D224,"=IFERROR(INDEX(Ingredients!$G$2:$G$500,MATCH(B224,Ingredients!$A$2:$A$500,0)),0)",=C224*F224
,,,"=IFERROR(INDEX(Ingredients!$F$2:$F$500,MATCH(B225,Ingredients!$A$2:$A$500,0)),0)",=C225*D225,"=IFERROR(INDEX(Ingredients!$G$2:$G$500,MATCH(B225,Ingredients!$A$2:$A$500,0)),0)",=C225*F225
,,,"=IFERROR(INDEX(Ingredients!$F$2:$F$500,MATCH(B226,Ingredients!$A$2:$A$500,0)),0)",=C226*D226,"=IFERROR(INDEX(Ingredients!$G$2:$G$500,MATCH(B226,Ingredients!$A$2:$A$500,0)),0)",=C226*F226
,,,"=IFERROR(INDEX(Ingredients!$F$2:$F$500,MATCH(B227,Ingredients!$A$2:$A$500,0)),0)",=C227*D227,"=IFERROR(INDEX(Ingredients!$G$2:$G$500,MATCH(B227,Ingredients!$A$2:$A$500,0)),0)",=C227*F227
,,,"=IFERROR(INDEX(Ingredients!$F$2:$F$500,MATCH(B228,Ingredients!$A$2:$A$500,0)),0)",=C228*D228,"=IFERROR(INDEX(Ingredients!$G$2:$G$500,MATCH(B228,Ingredients!$A$2:$A$500,0)),0)",=C228*F228
,,,"=IFERROR(INDEX(Ingredients!$F$2:$F$500,MATCH(B229,Ingredients!$A$2:$A$500,0)),0)",=C229*D229,"=IFERROR(INDEX(Ingredients!$G$2:$G$500,MATCH(B229,Ingredients!$A$2:$A$500,0)),0)",=C229*F229
,,,"=IFERROR(INDEX(Ingredients!$F$2:$F$500,MATCH(B230,Ingredients!$A$2:$A$500,0)),0)",=C230*D230,"=IFERROR(INDEX(Ingredients!$G$2:$G$500,MATCH(B230,Ingredients!$A$2:$A$500,0)),0)",=C230*F230
,,,"=IFERROR(INDEX(Ingredients!$F$2:$F$500,MATCH(B231,Ingredients!$A$2:$A$500,0)),0)",=C231*D231,"=IFERROR(INDEX(Ingredients!$G$2:$G$500,MATCH(B231,Ingredients!$A$2:$A$500,0)),0)",=C231*F231
,,,"=IFERROR(INDEX(Ingredients!$F$2:$F$500,MATCH(B232,Ingredients!$A$2:$A$500,0)),0)",=C232*D232,"=IFERROR(INDEX(Ingredients!$G$2:$G$500,MATCH(B232,Ingredients!$A$2:$A$500,0)),0)",=C232*F232
,,,"=IFERROR(INDEX(Ingredients!$F$2:$F$500,MATCH(B233,Ingredients!$A$2:$A$500,0)),0)",=C233*D233,"=IFERROR(INDEX(Ingredients!$G$2:$G$500,MATCH(B233,Ingredients!$A$2:$A$500,0)),0)",=C233*F233
,,,"=IFERROR(INDEX(Ingredients!$F$2:$F$500,MATCH(B234,Ingredients!$A$2:$A$500,0)),0)",=C234*D234,"=IFERROR(INDEX(Ingredients!$G$2:$G$500,MATCH(B234,Ingredients!$A$2:$A$500,0)),0)",=C234*F234
,,,"=IFERROR(INDEX(Ingredients!$F$2:$F$500,MATCH(B235,Ingredients!$A$2:$A$500,0)),0)",=C235*D235,"=IFERROR(INDEX(Ingredients!$G$2:$G$500,MATCH(B235,Ingredients!$A$2:$A$500,0)),0)",=C235*F235
,,,"=IFERROR(INDEX(Ingredients!$F$2:$F$500,MATCH(B236,Ingredients!$A$2:$A$500,0)),0)",=C236*D236,"=IFERROR(INDEX(Ingredients!$G$2:$G$500,MATCH(B236,Ingredients!$A$2:$A$500,0)),0)",=C236*F236
,,,"=IFERROR(INDEX(Ingredients!$F$2:$F$500,MATCH(B237,Ingredients!$A$2:$A$500,0)),0)",=C237*D237,"=IFERROR(INDEX(Ingredients!$G$2:$G$500,MATCH(B237,Ingredients!$A$2:$A$500,0)),0)",=C237*F237
,,,"=IFERROR(INDEX(Ingredients!$F$2:$F$500,MATCH(B238,Ingredients!$A$2:$A$500,0)),0)",=C238*D238,"=IFERROR(INDEX(Ingredients!$G$2:$G$500,MATCH(B238,Ingredients!$A$2:$A$500,0)),0)",=C238*F238
,,,"=IFERROR(INDEX(Ingredients!$F$2:$F$500,MATCH(B239,Ingredients!$A$2:$A$500,0)),0)",=C239*D239,"=IFERROR(INDEX(Ingredients!$G$2:$G$500,MATCH(B239,Ingredients!$A$2:$A$500,0)),0)",=C239*F239
,,,"=IFERROR(INDEX(Ingredients!$F$2:$F$500,MATCH(B240,Ingredients!$A$2:$A$500,0)),0)",=C240*D240,"=IFERROR(INDEX(Ingredients!$G$2:$G$500,MATCH(B240,Ingredients!$A$2:$A$500,0)),0)",=C240*F240
,,,"=IFERROR(INDEX(Ingredients!$F$2:$F$500,MATCH(B241,Ingredients!$A$2:$A$500,0)),0)",=C241*D241,"=IFERROR(INDEX(Ingredients!$G$2:$G$500,MATCH(B241,Ingredients!$A$2:$A$500,0)),0)",=C241*F241
,,,"=IFERROR(INDEX(Ingredients!$F$2:$F$500,MATCH(B242,Ingredients!$A$2:$A$500,0)),0)",=C242*D242,"=IFERROR(INDEX(Ingredients!$G$2:$G$500,MATCH(B242,Ingredients!$A$2:$A$500,0)),0)",=C242*F242
,,,"=IFERROR(INDEX(Ingredients!$F$2:$F$500,MATCH(B243,Ingredients!$A$2:$A$500,0)),0)",=C243*D243,"=IFERROR(INDEX(Ingredients!$G$2:$G$500,MATCH(B243,Ingredients!$A$2:$A$500,0)),0)",=C243*F243
,,,"=IFERROR(INDEX(Ingredients!$F$2:$F$500,MATCH(B244,Ingredients!$A$2:$A$500,0)),0)",=C244*D244,"=IFERROR(INDEX(Ingredients!$G$2:$G$500,MATCH(B244,Ingredients!$A$2:$A$500,0)),0)",=C244*F244
,,,"=IFERROR(INDEX(Ingredients!$F$2:$F$500,MATCH(B245,Ingredients!$A$2:$A$500,0)),0)",=C245*D245,"=IFERROR(INDEX(Ingredients!$G$2:$G$500,MATCH(B245,Ingredients!$A$2:$A$500,0)),0)",=C245*F245
,,,"=IFERROR(INDEX(Ingredients!$F$2:$F$500,MATCH(B246,Ingredients!$A$2:$A$500,0)),0)",=C246*D246,"=IFERROR(INDEX(Ingredients!$G$2:$G$500,MATCH(B246,Ingredients!$A$2:$A$500,0)),0)",=C246*F246
,,,"=IFERROR(INDEX(Ingredients!$F$2:$F$500,MATCH(B247,Ingredients!$A$2:$A$500,0)),0)",=C247*D247,"=IFERROR(INDEX(Ingredients!$G$2:$G$500,MATCH(B247,Ingredients!$A$2:$A$500,0)),0)",=C247*F247
,,,"=IFERROR(INDEX(Ingredients!$F$2:$F$500,MATCH(B248,Ingredients!$A$2:$A$500,0)),0)",=C248*D248,"=IFERROR(INDEX(Ingredients!$G$2:$G$500,MATCH(B248,Ingredients!$A$2:$A$500,0)),0)",=C248*F248
,,,"=IFERROR(INDEX(Ingredients!$F$2:$F$500,MATCH(B249,Ingredients!$A$2:$A$500,0)),0)",=C249*D249,"=IFERROR(INDEX(Ingredients!$G$2:$G$500,MATCH(B249,Ingredients!$A$2:$A$500,0)),0)",=C249*F249
,,,"=IFERROR(INDEX(Ingredients!$F$2:$F$500,MATCH(B250,Ingredients!$A$2:$A$500,0)),0)",=C250*D250,"=IFERROR(INDEX(Ingredients!$G$2:$G$500,MATCH(B250,Ingredients!$A$2:$A$500,0)),0)",=C250*F250
,,,"=IFERROR(INDEX(Ingredients!$F$2:$F$500,MATCH(B251,Ingredients!$A$2:$A$500,0)),0)",=C251*D251,"=IFERROR(INDEX(Ingredients!$G$2:$G$500,MATCH(B251,Ingredients!$A$2:$A$500,0)),0)",=C251*F251
,,,"=IFERROR(INDEX(Ingredients!$F$2:$F$500,MATCH(B252,Ingredients!$A$2:$A$500,0)),0)",=C252*D252,"=IFERROR(INDEX(Ingredients!$G$2:$G$500,MATCH(B252,Ingredients!$A$2:$A$500,0)),0)",=C252*F252
,,,"=IFERROR(INDEX(Ingredients!$F$2:$F$500,MATCH(B253,Ingredients!$A$2:$A$500,0)),0)",=C253*D253,"=IFERROR(INDEX(Ingredients!$G$2:$G$500,MATCH(B253,Ingredients!$A$2:$A$500,0)),0)",=C253*F253
,,,"=IFERROR(INDEX(Ingredients!$F$2:$F$500,MATCH(B254,Ingredients!$A$2:$A$500,0)),0)",=C254*D254,"=IFERROR(INDEX(Ingredients!$G$2:$G$500,MATCH(B254,Ingredients!$A$2:$A$500,0)),0)",=C254*F254
,,,"=IFERROR(INDEX(Ingredients!$F$2:$F$500,MATCH(B255,Ingredients!$A$2:$A$500,0)),0)",=C255*D255,"=IFERROR(INDEX(Ingredients!$G$2:$G$500,MATCH(B255,Ingredients!$A$2:$A$500,0)),0)",=C255*F255
,,,"=IFERROR(INDEX(Ingredients!$F$2:$F$500,MATCH(B256,Ingredients!$A$2:$A$500,0)),0)",=C256*D256,"=IFERROR(INDEX(Ingredients!$G$2:$G$500,MATCH(B256,Ingredients!$A$2:$A$500,0)),0)",=C256*F256
,,,"=IFERROR(INDEX(Ingredients!$F$2:$F$500,MATCH(B257,Ingredients!$A$2:$A$500,0)),0)",=C257*D257,"=IFERROR(INDEX(Ingredients!$G$2:$G$500,MATCH(B257,Ingredients!$A$2:$A$500,0)),0)",=C257*F257
,,,"=IFERROR(INDEX(Ingredients!$F$2:$F$500,MATCH(B258,Ingredients!$A$2:$A$500,0)),0)",=C258*D258,"=IFERROR(INDEX(Ingredients!$G$2:$G$500,MATCH(B258,Ingredients!$A$2:$A$500,0)),0)",=C258*F258
,,,"=IFERROR(INDEX(Ingredients!$F$2:$F$500,MATCH(B259,Ingredients!$A$2:$A$500,0)),0)",=C259*D259,"=IFERROR(INDEX(Ingredients!$G$2:$G$500,MATCH(B259,Ingredients!$A$2:$A$500,0)),0)",=C259*F259
,,,"=IFERROR(INDEX(Ingredients!$F$2:$F$500,MATCH(B260,Ingredients!$A$2:$A$500,0)),0)",=C260*D260,"=IFERROR(INDEX(Ingredients!$G$2:$G$500,MATCH(B260,Ingredients!$A$2:$A$500,0)),0)",=C260*F260
,,,"=IFERROR(INDEX(Ingredients!$F$2:$F$500,MATCH(B261,Ingredients!$A$2:$A$500,0)),0)",=C261*D261,"=IFERROR(INDEX(Ingredients!$G$2:$G$500,MATCH(B261,Ingredients!$A$2:$A$500,0)),0)",=C261*F261
,,,"=IFERROR(INDEX(Ingredients!$F$2:$F$500,MATCH(B262,Ingredients!$A$2:$A$500,0)),0)",=C262*D262,"=IFERROR(INDEX(Ingredients!$G$2:$G$500,MATCH(B262,Ingredients!$A$2:$A$500,0)),0)",=C262*F262
,,,"=IFERROR(INDEX(Ingredients!$F$2:$F$500,MATCH(B263,Ingredients!$A$2:$A$500,0)),0)",=C263*D263,"=IFERROR(INDEX(Ingredients!$G$2:$G$500,MATCH(B263,Ingredients!$A$2:$A$500,0)),0)",=C263*F263
,,,"=IFERROR(INDEX(Ingredients!$F$2:$F$500,MATCH(B264,Ingredients!$A$2:$A$500,0)),0)",=C264*D264,"=IFERROR(INDEX(Ingredients!$G$2:$G$500,MATCH(B264,Ingredients!$A$2:$A$500,0)),0)",=C264*F264
,,,"=IFERROR(INDEX(Ingredients!$F$2:$F$500,MATCH(B265,Ingredients!$A$2:$A$500,0)),0)",=C265*D265,"=IFERROR(INDEX(Ingredients!$G$2:$G$500,MATCH(B265,Ingredients!$A$2:$A$500,0)),0)",=C265*F265
,,,"=IFERROR(INDEX(Ingredients!$F$2:$F$500,MATCH(B266,Ingredients!$A$2:$A$500,0)),0)",=C266*D266,"=IFERROR(INDEX(Ingredients!$G$2:$G$500,MATCH(B266,Ingredients!$A$2:$A$500,0)),0)",=C266*F266
,,,"=IFERROR(INDEX(Ingredients!$F$2:$F$500,MATCH(B267,Ingredients!$A$2:$A$500,0)),0)",=C267*D267,"=IFERROR(INDEX(Ingredients!$G$2:$G$500,MATCH(B267,Ingredients!$A$2:$A$500,0)),0)",=C267*F267
,,,"=IFERROR(INDEX(Ingredients!$F$2:$F$500,MATCH(B268,Ingredients!$A$2:$A$500,0)),0)",=C268*D268,"=IFERROR(INDEX(Ingredients!$G$2:$G$500,MATCH(B268,Ingredients!$A$2:$A$500,0)),0)",=C268*F268
,,,"=IFERROR(INDEX(Ingredients!$F$2:$F$500,MATCH(B269,Ingredients!$A$2:$A$500,0)),0)",=C269*D269,"=IFERROR(INDEX(Ingredients!$G$2:$G$500,MATCH(B269,Ingredients!$A$2:$A$500,0)),0)",=C269*F269
,,,"=IFERROR(INDEX(Ingredients!$F$2:$F$500,MATCH(B270,Ingredients!$A$2:$A$500,0)),0)",=C270*D270,"=IFERROR(INDEX(Ingredients!$G$2:$G$500,MATCH(B270,Ingredients!$A$2:$A$500,0)),0)",=C270*F270
,,,"=IFERROR(INDEX(Ingredients!$F$2:$F$500,MATCH(B271,Ingredients!$A$2:$A$500,0)),0)",=C271*D271,"=IFERROR(INDEX(Ingredients!$G$2:$G$500,MATCH(B271,Ingredients!$A$2:$A$500,0)),0)",=C271*F271
,,,"=IFERROR(INDEX(Ingredients!$F$2:$F$500,MATCH(B272,Ingredients!$A$2:$A$500,0)),0)",=C272*D272,"=IFERROR(INDEX(Ingredients!$G$2:$G$500,MATCH(B272,Ingredients!$A$2:$A$500,0)),0)",=C272*F272
,,,"=IFERROR(INDEX(Ingredients!$F$2:$F$500,MATCH(B273,Ingredients!$A$2:$A$500,0)),0)",=C273*D273,"=IFERROR(INDEX(Ingredients!$G$2:$G$500,MATCH(B273,Ingredients!$A$2:$A$500,0)),0)",=C273*F273
,,,"=IFERROR(INDEX(Ingredients!$F$2:$F$500,MATCH(B274,Ingredients!$A$2:$A$500,0)),0)",=C274*D274,"=IFERROR(INDEX(Ingredients!$G$2:$G$500,MATCH(B274,Ingredients!$A$2:$A$500,0)),0)",=C274*F274
,,,"=IFERROR(INDEX(Ingredients!$F$2:$F$500,MATCH(B275,Ingredients!$A$2:$A$500,0)),0)",=C275*D275,"=IFERROR(INDEX(Ingredients!$G$2:$G$500,MATCH(B275,Ingredients!$A$2:$A$500,0)),0)",=C275*F275
,,,"=IFERROR(INDEX(Ingredients!$F$2:$F$500,MATCH(B276,Ingredients!$A$2:$A$500,0)),0)",=C276*D276,"=IFERROR(INDEX(Ingredients!$G$2:$G$500,MATCH(B276,Ingredients!$A$2:$A$500,0)),0)",=C276*F276
,,,"=IFERROR(INDEX(Ingredients!$F$2:$F$500,MATCH(B277,Ingredients!$A$2:$A$500,0)),0)",=C277*D277,"=IFERROR(INDEX(Ingredients!$G$2:$G$500,MATCH(B277,Ingredients!$A$2:$A$500,0)),0)",=C277*F277
,,,"=IFERROR(INDEX(Ingredients!$F$2:$F$500,MATCH(B278,Ingredients!$A$2:$A$500,0)),0)",=C278*D278,"=IFERROR(INDEX(Ingredients!$G$2:$G$500,MATCH(B278,Ingredients!$A$2:$A$500,0)),0)",=C278*F278
,,,"=IFERROR(INDEX(Ingredients!$F$2:$F$500,MATCH(B279,Ingredients!$A$2:$A$500,0)),0)",=C279*D279,"=IFERROR(INDEX(Ingredients!$G$2:$G$500,MATCH(B279,Ingredients!$A$2:$A$500,0)),0)",=C279*F279
,,,"=IFERROR(INDEX(Ingredients!$F$2:$F$500,MATCH(B280,Ingredients!$A$2:$A$500,0)),0)",=C280*D280,"=IFERROR(INDEX(Ingredients!$G$2:$G$500,MATCH(B280,Ingredients!$A$2:$A$500,0)),0)",=C280*F280
,,,"=IFERROR(INDEX(Ingredients!$F$2:$F$500,MATCH(B281,Ingredients!$A$2:$A$500,0)),0)",=C281*D281,"=IFERROR(INDEX(Ingredients!$G$2:$G$500,MATCH(B281,Ingredients!$A$2:$A$500,0)),0)",=C281*F281
,,,"=IFERROR(INDEX(Ingredients!$F$2:$F$500,MATCH(B282,Ingredients!$A$2:$A$500,0)),0)",=C282*D282,"=IFERROR(INDEX(Ingredients!$G$2:$G$500,MATCH(B282,Ingredients!$A$2:$A$500,0)),0)",=C282*F282
,,,"=IFERROR(INDEX(Ingredients!$F$2:$F$500,MATCH(B283,Ingredients!$A$2:$A$500,0)),0)",=C283*D283,"=IFERROR(INDEX(Ingredients!$G$2:$G$500,MATCH(B283,Ingredients!$A$2:$A$500,0)),0)",=C283*F283
,,,"=IFERROR(INDEX(Ingredients!$F$2:$F$500,MATCH(B284,Ingredients!$A$2:$A$500,0)),0)",=C284*D284,"=IFERROR(INDEX(Ingredients!$G$2:$G$500,MATCH(B284,Ingredients!$A$2:$A$500,0)),0)",=C284*F284
,,,"=IFERROR(INDEX(Ingredients!$F$2:$F$500,MATCH(B285,Ingredients!$A$2:$A$500,0)),0)",=C285*D285,"=IFERROR(INDEX(Ingredients!$G$2:$G$500,MATCH(B285,Ingredients!$A$2:$A$500,0)),0)",=C285*F285
,,,"=IFERROR(INDEX(Ingredients!$F$2:$F$500,MATCH(B286,Ingredients!$A$2:$A$500,0)),0)",=C286*D286,"=IFERROR(INDEX(Ingredients!$G$2:$G$500,MATCH(B286,Ingredients!$A$2:$A$500,0)),0)",=C286*F286
,,,"=IFERROR(INDEX(Ingredients!$F$2:$F$500,MATCH(B287,Ingredients!$A$2:$A$500,0)),0)",=C287*D287,"=IFERROR(INDEX(Ingredients!$G$2:$G$500,MATCH(B287,Ingredients!$A$2:$A$500,0)),0)",=C287*F287
,,,"=IFERROR(INDEX(Ingredients!$F$2:$F$500,MATCH(B288,Ingredients!$A$2:$A$500,0)),0)",=C288*D288,"=IFERROR(INDEX(Ingredients!$G$2:$G$500,MATCH(B288,Ingredients!$A$2:$A$500,0)),0)",=C288*F288
,,,"=IFERROR(INDEX(Ingredients!$F$2:$F$500,MATCH(B289,Ingredients!$A$2:$A$500,0)),0)",=C289*D289,"=IFERROR(INDEX(Ingredients!$G$2:$G$500,MATCH(B289,Ingredients!$A$2:$A$500,0)),0)",=C289*F289
,,,"=IFERROR(INDEX(Ingredients!$F$2:$F$500,MATCH(B290,Ingredients!$A$2:$A$500,0)),0)",=C290*D290,"=IFERROR(INDEX(Ingredients!$G$2:$G$500,MATCH(B290,Ingredients!$A$2:$A$500,0)),0)",=C290*F290
,,,"=IFERROR(INDEX(Ingredients!$F$2:$F$500,MATCH(B291,Ingredients!$A$2:$A$500,0)),0)",=C291*D291,"=IFERROR(INDEX(Ingredients!$G$2:$G$500,MATCH(B291,Ingredients!$A$2:$A$500,0)),0)",=C291*F291
,,,"=IFERROR(INDEX(Ingredients!$F$2:$F$500,MATCH(B292,Ingredients!$A$2:$A$500,0)),0)",=C292*D292,"=IFERROR(INDEX(Ingredients!$G$2:$G$500,MATCH(B292,Ingredients!$A$2:$A$500,0)),0)",=C292*F292
,,,"=IFERROR(INDEX(Ingredients!$F$2:$F$500,MATCH(B293,Ingredients!$A$2:$A$500,0)),0)",=C293*D293,"=IFERROR(INDEX(Ingredients!$G$2:$G$500,MATCH(B293,Ingredients!$A$2:$A$500,0)),0)",=C293*F293
,,,"=IFERROR(INDEX(Ingredients!$F$2:$F$500,MATCH(B294,Ingredients!$A$2:$A$500,0)),0)",=C294*D294,"=IFERROR(INDEX(Ingredients!$G$2:$G$500,MATCH(B294,Ingredients!$A$2:$A$500,0)),0)",=C294*F294
,,,"=IFERROR(INDEX(Ingredients!$F$2:$F$500,MATCH(B295,Ingredients!$A$2:$A$500,0)),0)",=C295*D295,"=IFERROR(INDEX(Ingredients!$G$2:$G$500,MATCH(B295,Ingredients!$A$2:$A$500,0)),0)",=C295*F295
,,,"=IFERROR(INDEX(Ingredients!$F$2:$F$500,MATCH(B296,Ingredients!$A$2:$A$500,0)),0)",=C296*D296,"=IFERROR(INDEX(Ingredients!$G$2:$G$500,MATCH(B296,Ingredients!$A$2:$A$500,0)),0)",=C296*F296
,,,"=IFERROR(INDEX(Ingredients!$F$2:$F$500,MATCH(B297,Ingredients!$A$2:$A$500,0)),0)",=C297*D297,"=IFERROR(INDEX(Ingredients!$G$2:$G$500,MATCH(B297,Ingredients!$A$2:$A$500,0)),0)",=C297*F297
,,,"=IFERROR(INDEX(Ingredients!$F$2:$F$500,MATCH(B298,Ingredients!$A$2:$A$500,0)),0)",=C298*D298,"=IFERROR(INDEX(Ingredients!$G$2:$G$500,MATCH(B298,Ingredients!$A$2:$A$500,0)),0)",=C298*F298
,,,"=IFERROR(INDEX(Ingredients!$F$2:$F$500,MATCH(B299,Ingredients!$A$2:$A$500,0)),0)",=C299*D299,"=IFERROR(INDEX(Ingredients!$G$2:$G$500,MATCH(B299,Ingredients!$A$2:$A$500,0)),0)",=C299*F299
,,,"=IFERROR(INDEX(Ingredients!$F$2:$F$500,MATCH(B300,Ingredients!$A$2:$A$500,0)),0)",=C300*D300,"=IFERROR(INDEX(Ingredients!$G$2:$G$500,MATCH(B300,Ingredients!$A$2:$A$500,0)),0)",=C300*F300
,,,"=IFERROR(INDEX(Ingredients!$F$2:$F$500,MATCH(B301,Ingredients!$A$2:$A$500,0)),0)",=C301*D301,"=IFERROR(INDEX(Ingredients!$G$2:$G$500,MATCH(B301,Ingredients!$A$2:$A$500,0)),0)",=C301*F301
,,,"=IFERROR(INDEX(Ingredients!$F$2:$F$500,MATCH(B302,Ingredients!$A$2:$A$500,0)),0)",=C302*D302,"=IFERROR(INDEX(Ingredients!$G$2:$G$500,MATCH(B302,Ingredients!$A$2:$A$500,0)),0)",=C302*F302
,,,"=IFERROR(INDEX(Ingredients!$F$2:$F$500,MATCH(B303,Ingredients!$A$2:$A$500,0)),0)",=C303*D303,"=IFERROR(INDEX(Ingredients!$G$2:$G$500,MATCH(B303,Ingredients!$A$2:$A$500,0)),0)",=C303*F303
,,,"=IFERROR(INDEX(Ingredients!$F$2:$F$500,MATCH(B304,Ingredients!$A$2:$A$500,0)),0)",=C304*D304,"=IFERROR(INDEX(Ingredients!$G$2:$G$500,MATCH(B304,Ingredients!$A$2:$A$500,0)),0)",=C304*F304
,,,"=IFERROR(INDEX(Ingredients!$F$2:$F$500,MATCH(B305,Ingredients!$A$2:$A$500,0)),0)",=C305*D305,"=IFERROR(INDEX(Ingredients!$G$2:$G$500,MATCH(B305,Ingredients!$A$2:$A$500,0)),0)",=C305*F305
,,,"=IFERROR(INDEX(Ingredients!$F$2:$F$500,MATCH(B306,Ingredients!$A$2:$A$500,0)),0)",=C306*D306,"=IFERROR(INDEX(Ingredients!$G$2:$G$500,MATCH(B306,Ingredients!$A$2:$A$500,0)),0)",=C306*F306
,,,"=IFERROR(INDEX(Ingredients!$F$2:$F$500,MATCH(B307,Ingredients!$A$2:$A$500,0)),0)",=C307*D307,"=IFERROR(INDEX(Ingredients!$G$2:$G$500,MATCH(B307,Ingredients!$A$2:$A$500,0)),0)",=C307*F307
,,,"=IFERROR(INDEX(Ingredients!$F$2:$F$500,MATCH(B308,Ingredients!$A$2:$A$500,0)),0)",=C308*D308,"=IFERROR(INDEX(Ingredients!$G$2:$G$500,MATCH(B308,Ingredients!$A$2:$A$500,0)),0)",=C308*F308
,,,"=IFERROR(INDEX(Ingredients!$F$2:$F$500,MATCH(B309,Ingredients!$A$2:$A$500,0)),0)",=C309*D309,"=IFERROR(INDEX(Ingredients!$G$2:$G$500,MATCH(B309,Ingredients!$A$2:$A$500,0)),0)",=C309*F309
,,,"=IFERROR(INDEX(Ingredients!$F$2:$F$500,MATCH(B310,Ingredients!$A$2:$A$500,0)),0)",=C310*D310,"=IFERROR(INDEX(Ingredients!$G$2:$G$500,MATCH(B310,Ingredients!$A$2:$A$500,0)),0)",=C310*F310
,,,"=IFERROR(INDEX(Ingredients!$F$2:$F$500,MATCH(B311,Ingredients!$A$2:$A$500,0)),0)",=C311*D311,"=IFERROR(INDEX(Ingredients!$G$2:$G$500,MATCH(B311,Ingredients!$A$2:$A$500,0)),0)",=C311*F311
,,,"=IFERROR(INDEX(Ingredients!$F$2:$F$500,MATCH(B312,Ingredients!$A$2:$A$500,0)),0)",=C312*D312,"=IFERROR(INDEX(Ingredients!$G$2:$G$500,MATCH(B312,Ingredients!$A$2:$A$500,0)),0)",=C312*F312
,,,"=IFERROR(INDEX(Ingredients!$F$2:$F$500,MATCH(B313,Ingredients!$A$2:$A$500,0)),0)",=C313*D313,"=IFERROR(INDEX(Ingredients!$G$2:$G$500,MATCH(B313,Ingredients!$A$2:$A$500,0)),0)",=C313*F313
,,,"=IFERROR(INDEX(Ingredients!$F$2:$F$500,MATCH(B314,Ingredients!$A$2:$A$500,0)),0)",=C314*D314,"=IFERROR(INDEX(Ingredients!$G$2:$G$500,MATCH(B314,Ingredients!$A$2:$A$500,0)),0)",=C314*F314
,,,"=IFERROR(INDEX(Ingredients!$F$2:$F$500,MATCH(B315,Ingredients!$A$2:$A$500,0)),0)",=C315*D315,"=IFERROR(INDEX(Ingredients!$G$2:$G$500,MATCH(B315,Ingredients!$A$2:$A$500,0)),0)",=C315*F315
,,,"=IFERROR(INDEX(Ingredients!$F$2:$F$500,MATCH(B316,Ingredients!$A$2:$A$500,0)),0)",=C316*D316,"=IFERROR(INDEX(Ingredients!$G$2:$G$500,MATCH(B316,Ingredients!$A$2:$A$500,0)),0)",=C316*F316
,,,"=IFERROR(INDEX(Ingredients!$F$2:$F$500,MATCH(B317,Ingredients!$A$2:$A$500,0)),0)",=C317*D317,"=IFERROR(INDEX(Ingredients!$G$2:$G$500,MATCH(B317,Ingredients!$A$2:$A$500,0)),0)",=C317*F317
,,,"=IFERROR(INDEX(Ingredients!$F$2:$F$500,MATCH(B318,Ingredients!$A$2:$A$500,0)),0)",=C318*D318,"=IFERROR(INDEX(Ingredients!$G$2:$G$500,MATCH(B318,Ingredients!$A$2:$A$500,0)),0)",=C318*F318
,,,"=IFERROR(INDEX(Ingredients!$F$2:$F$500,MATCH(B319,Ingredients!$A$2:$A$500,0)),0)",=C319*D319,"=IFERROR(INDEX(Ingredients!$G$2:$G$500,MATCH(B319,Ingredients!$A$2:$A$500,0)),0)",=C319*F319
,,,"=IFERROR(INDEX(Ingredients!$F$2:$F$500,MATCH(B320,Ingredients!$A$2:$A$500,0)),0)",=C320*D320,"=IFERROR(INDEX(Ingredients!$G$2:$G$500,MATCH(B320,Ingredients!$A$2:$A$500,0)),0)",=C320*F320
,,,"=IFERROR(INDEX(Ingredients!$F$2:$F$500,MATCH(B321,Ingredients!$A$2:$A$500,0)),0)",=C321*D321,"=IFERROR(INDEX(Ingredients!$G$2:$G$500,MATCH(B321,Ingredients!$A$2:$A$500,0)),0)",=C321*F321
,,,"=IFERROR(INDEX(Ingredients!$F$2:$F$500,MATCH(B322,Ingredients!$A$2:$A$500,0)),0)",=C322*D322,"=IFERROR(INDEX(Ingredients!$G$2:$G$500,MATCH(B322,Ingredients!$A$2:$A$500,0)),0)",=C322*F322
,,,"=IFERROR(INDEX(Ingredients!$F$2:$F$500,MATCH(B323,Ingredients!$A$2:$A$500,0)),0)",=C323*D323,"=IFERROR(INDEX(Ingredients!$G$2:$G$500,MATCH(B323,Ingredients!$A$2:$A$500,0)),0)",=C323*F323
,,,"=IFERROR(INDEX(Ingredients!$F$2:$F$500,MATCH(B324,Ingredients!$A$2:$A$500,0)),0)",=C324*D324,"=IFERROR(INDEX(Ingredients!$G$2:$G$500,MATCH(B324,Ingredients!$A$2:$A$500,0)),0)",=C324*F324
,,,"=IFERROR(INDEX(Ingredients!$F$2:$F$500,MATCH(B325,Ingredients!$A$2:$A$500,0)),0)",=C325*D325,"=IFERROR(INDEX(Ingredients!$G$2:$G$500,MATCH(B325,Ingredients!$A$2:$A$500,0)),0)",=C325*F325
,,,"=IFERROR(INDEX(Ingredients!$F$2:$F$500,MATCH(B326,Ingredients!$A$2:$A$500,0)),0)",=C326*D326,"=IFERROR(INDEX(Ingredients!$G$2:$G$500,MATCH(B326,Ingredients!$A$2:$A$500,0)),0)",=C326*F326
,,,"=IFERROR(INDEX(Ingredients!$F$2:$F$500,MATCH(B327,Ingredients!$A$2:$A$500,0)),0)",=C327*D327,"=IFERROR(INDEX(Ingredients!$G$2:$G$500,MATCH(B327,Ingredients!$A$2:$A$500,0)),0)",=C327*F327
,,,"=IFERROR(INDEX(Ingredients!$F$2:$F$500,MATCH(B328,Ingredients!$A$2:$A$500,0)),0)",=C328*D328,"=IFERROR(INDEX(Ingredients!$G$2:$G$500,MATCH(B328,Ingredients!$A$2:$A$500,0)),0)",=C328*F328
,,,"=IFERROR(INDEX(Ingredients!$F$2:$F$500,MATCH(B329,Ingredients!$A$2:$A$500,0)),0)",=C329*D329,"=IFERROR(INDEX(Ingredients!$G$2:$G$500,MATCH(B329,Ingredients!$A$2:$A$500,0)),0)",=C329*F329
,,,"=IFERROR(INDEX(Ingredients!$F$2:$F$500,MATCH(B330,Ingredients!$A$2:$A$500,0)),0)",=C330*D330,"=IFERROR(INDEX(Ingredients!$G$2:$G$500,MATCH(B330,Ingredients!$A$2:$A$500,0)),0)",=C330*F330
,,,"=IFERROR(INDEX(Ingredients!$F$2:$F$500,MATCH(B331,Ingredients!$A$2:$A$500,0)),0)",=C331*D331,"=IFERROR(INDEX(Ingredients!$G$2:$G$500,MATCH(B331,Ingredients!$A$2:$A$500,0)),0)",=C331*F331
,,,"=IFERROR(INDEX(Ingredients!$F$2:$F$500,MATCH(B332,Ingredients!$A$2:$A$500,0)),0)",=C332*D332,"=IFERROR(INDEX(Ingredients!$G$2:$G$500,MATCH(B332,Ingredients!$A$2:$A$500,0)),0)",=C332*F332
,,,"=IFERROR(INDEX(Ingredients!$F$2:$F$500,MATCH(B333,Ingredients!$A$2:$A$500,0)),0)",=C333*D333,"=IFERROR(INDEX(Ingredients!$G$2:$G$500,MATCH(B333,Ingredients!$A$2:$A$500,0)),0)",=C333*F333
,,,"=IFERROR(INDEX(Ingredients!$F$2:$F$500,MATCH(B334,Ingredients!$A$2:$A$500,0)),0)",=C334*D334,"=IFERROR(INDEX(Ingredients!$G$2:$G$500,MATCH(B334,Ingredients!$A$2:$A$500,0)),0)",=C334*F334
,,,"=IFERROR(INDEX(Ingredients!$F$2:$F$500,MATCH(B335,Ingredients!$A$2:$A$500,0)),0)",=C335*D335,"=IFERROR(INDEX(Ingredients!$G$2:$G$500,MATCH(B335,Ingredients!$A$2:$A$500,0)),0)",=C335*F335
,,,"=IFERROR(INDEX(Ingredients!$F$2:$F$500,MATCH(B336,Ingredients!$A$2:$A$500,0)),0)",=C336*D336,"=IFERROR(INDEX(Ingredients!$G$2:$G$500,MATCH(B336,Ingredients!$A$2:$A$500,0)),0)",=C336*F336
,,,"=IFERROR(INDEX(Ingredients!$F$2:$F$500,MATCH(B337,Ingredients!$A$2:$A$500,0)),0)",=C337*D337,"=IFERROR(INDEX(Ingredients!$G$2:$G$500,MATCH(B337,Ingredients!$A$2:$A$500,0)),0)",=C337*F337
,,,"=IFERROR(INDEX(Ingredients!$F$2:$F$500,MATCH(B338,Ingredients!$A$2:$A$500,0)),0)",=C338*D338,"=IFERROR(INDEX(Ingredients!$G$2:$G$500,MATCH(B338,Ingredients!$A$2:$A$500,0)),0)",=C338*F338
,,,"=IFERROR(INDEX(Ingredients!$F$2:$F$500,MATCH(B339,Ingredients!$A$2:$A$500,0)),0)",=C339*D339,"=IFERROR(INDEX(Ingredients!$G$2:$G$500,MATCH(B339,Ingredients!$A$2:$A$500,0)),0)",=C339*F339
,,,"=IFERROR(INDEX(Ingredients!$F$2:$F$500,MATCH(B340,Ingredients!$A$2:$A$500,0)),0)",=C340*D340,"=IFERROR(INDEX(Ingredients!$G$2:$G$500,MATCH(B340,Ingredients!$A$2:$A$500,0)),0)",=C340*F340
,,,"=IFERROR(INDEX(Ingredients!$F$2:$F$500,MATCH(B341,Ingredients!$A$2:$A$500,0)),0)",=C341*D341,"=IFERROR(INDEX(Ingredients!$G$2:$G$500,MATCH(B341,Ingredients!$A$2:$A$500,0)),0)",=C341*F341
,,,"=IFERROR(INDEX(Ingredients!$F$2:$F$500,MATCH(B342,Ingredients!$A$2:$A$500,0)),0)",=C342*D342,"=IFERROR(INDEX(Ingredients!$G$2:$G$500,MATCH(B342,Ingredients!$A$2:$A$500,0)),0)",=C342*F342
,,,"=IFERROR(INDEX(Ingredients!$F$2:$F$500,MATCH(B343,Ingredients!$A$2:$A$500,0)),0)",=C343*D343,"=IFERROR(INDEX(Ingredients!$G$2:$G$500,MATCH(B343,Ingredients!$A$2:$A$500,0)),0)",=C343*F343
,,,"=IFERROR(INDEX(Ingredients!$F$2:$F$500,MATCH(B344,Ingredients!$A$2:$A$500,0)),0)",=C344*D344,"=IFERROR(INDEX(Ingredients!$G$2:$G$500,MATCH(B344,Ingredients!$A$2:$A$500,0)),0)",=C344*F344
,,,"=IFERROR(INDEX(Ingredients!$F$2:$F$500,MATCH(B345,Ingredients!$A$2:$A$500,0)),0)",=C345*D345,"=IFERROR(INDEX(Ingredients!$G$2:$G$500,MATCH(B345,Ingredients!$A$2:$A$500,0)),0)",=C345*F345
,,,"=IFERROR(INDEX(Ingredients!$F$2:$F$500,MATCH(B346,Ingredients!$A$2:$A$500,0)),0)",=C346*D346,"=IFERROR(INDEX(Ingredients!$G$2:$G$500,MATCH(B346,Ingredients!$A$2:$A$500,0)),0)",=C346*F346
,,,"=IFERROR(INDEX(Ingredients!$F$2:$F$500,MATCH(B347,Ingredients!$A$2:$A$500,0)),0)",=C347*D347,"=IFERROR(INDEX(Ingredients!$G$2:$G$500,MATCH(B347,Ingredients!$A$2:$A$500,0)),0)",=C347*F347
,,,"=IFERROR(INDEX(Ingredients!$F$2:$F$500,MATCH(B348,Ingredients!$A$2:$A$500,0)),0)",=C348*D348,"=IFERROR(INDEX(Ingredients!$G$2:$G$500,MATCH(B348,Ingredients!$A$2:$A$500,0)),0)",=C348*F348
,,,"=IFERROR(INDEX(Ingredients!$F$2:$F$500,MATCH(B349,Ingredients!$A$2:$A$500,0)),0)",=C349*D349,"=IFERROR(INDEX(Ingredients!$G$2:$G$500,MATCH(B349,Ingredients!$A$2:$A$500,0)),0)",=C349*F349
,,,"=IFERROR(INDEX(Ingredients!$F$2:$F$500,MATCH(B350,Ingredients!$A$2:$A$500,0)),0)",=C350*D350,"=IFERROR(INDEX(Ingredients!$G$2:$G$500,MATCH(B350,Ingredients!$A$2:$A$500,0)),0)",=C350*F350
,,,"=IFERROR(INDEX(Ingredients!$F$2:$F$500,MATCH(B351,Ingredients!$A$2:$A$500,0)),0)",=C351*D351,"=IFERROR(INDEX(Ingredients!$G$2:$G$500,MATCH(B351,Ingredients!$A$2:$A$500,0)),0)",=C351*F351
,,,"=IFERROR(INDEX(Ingredients!$F$2:$F$500,MATCH(B352,Ingredients!$A$2:$A$500,0)),0)",=C352*D352,"=IFERROR(INDEX(Ingredients!$G$2:$G$500,MATCH(B352,Ingredients!$A$2:$A$500,0)),0)",=C352*F352
,,,"=IFERROR(INDEX(Ingredients!$F$2:$F$500,MATCH(B353,Ingredients!$A$2:$A$500,0)),0)",=C353*D353,"=IFERROR(INDEX(Ingredients!$G$2:$G$500,MATCH(B353,Ingredients!$A$2:$A$500,0)),0)",=C353*F353
,,,"=IFERROR(INDEX(Ingredients!$F$2:$F$500,MATCH(B354,Ingredients!$A$2:$A$500,0)),0)",=C354*D354,"=IFERROR(INDEX(Ingredients!$G$2:$G$500,MATCH(B354,Ingredients!$A$2:$A$500,0)),0)",=C354*F354
,,,"=IFERROR(INDEX(Ingredients!$F$2:$F$500,MATCH(B355,Ingredients!$A$2:$A$500,0)),0)",=C355*D355,"=IFERROR(INDEX(Ingredients!$G$2:$G$500,MATCH(B355,Ingredients!$A$2:$A$500,0)),0)",=C355*F355
,,,"=IFERROR(INDEX(Ingredients!$F$2:$F$500,MATCH(B356,Ingredients!$A$2:$A$500,0)),0)",=C356*D356,"=IFERROR(INDEX(Ingredients!$G$2:$G$500,MATCH(B356,Ingredients!$A$2:$A$500,0)),0)",=C356*F356
,,,"=IFERROR(INDEX(Ingredients!$F$2:$F$500,MATCH(B357,Ingredients!$A$2:$A$500,0)),0)",=C357*D357,"=IFERROR(INDEX(Ingredients!$G$2:$G$500,MATCH(B357,Ingredients!$A$2:$A$500,0)),0)",=C357*F357
,,,"=IFERROR(INDEX(Ingredients!$F$2:$F$500,MATCH(B358,Ingredients!$A$2:$A$500,0)),0)",=C358*D358,"=IFERROR(INDEX(Ingredients!$G$2:$G$500,MATCH(B358,Ingredients!$A$2:$A$500,0)),0)",=C358*F358
,,,"=IFERROR(INDEX(Ingredients!$F$2:$F$500,MATCH(B359,Ingredients!$A$2:$A$500,0)),0)",=C359*D359,"=IFERROR(INDEX(Ingredients!$G$2:$G$500,MATCH(B359,Ingredients!$A$2:$A$500,0)),0)",=C359*F359
,,,"=IFERROR(INDEX(Ingredients!$F$2:$F$500,MATCH(B360,Ingredients!$A$2:$A$500,0)),0)",=C360*D360,"=IFERROR(INDEX(Ingredients!$G$2:$G$500,MATCH(B360,Ingredients!$A$2:$A$500,0)),0)",=C360*F360
,,,"=IFERROR(INDEX(Ingredients!$F$2:$F$500,MATCH(B361,Ingredients!$A$2:$A$500,0)),0)",=C361*D361,"=IFERROR(INDEX(Ingredients!$G$2:$G$500,MATCH(B361,Ingredients!$A$2:$A$500,0)),0)",=C361*F361
,,,"=IFERROR(INDEX(Ingredients!$F$2:$F$500,MATCH(B362,Ingredients!$A$2:$A$500,0)),0)",=C362*D362,"=IFERROR(INDEX(Ingredients!$G$2:$G$500,MATCH(B362,Ingredients!$A$2:$A$500,0)),0)",=C362*F362
,,,"=IFERROR(INDEX(Ingredients!$F$2:$F$500,MATCH(B363,Ingredients!$A$2:$A$500,0)),0)",=C363*D363,"=IFERROR(INDEX(Ingredients!$G$2:$G$500,MATCH(B363,Ingredients!$A$2:$A$500,0)),0)",=C363*F363
,,,"=IFERROR(INDEX(Ingredients!$F$2:$F$500,MATCH(B364,Ingredients!$A$2:$A$500,0)),0)",=C364*D364,"=IFERROR(INDEX(Ingredients!$G$2:$G$500,MATCH(B364,Ingredients!$A$2:$A$500,0)),0)",=C364*F364
,,,"=IFERROR(INDEX(Ingredients!$F$2:$F$500,MATCH(B365,Ingredients!$A$2:$A$500,0)),0)",=C365*D365,"=IFERROR(INDEX(Ingredients!$G$2:$G$500,MATCH(B365,Ingredients!$A$2:$A$500,0)),0)",=C365*F365
,,,"=IFERROR(INDEX(Ingredients!$F$2:$F$500,MATCH(B366,Ingredients!$A$2:$A$500,0)),0)",=C366*D366,"=IFERROR(INDEX(Ingredients!$G$2:$G$500,MATCH(B366,Ingredients!$A$2:$A$500,0)),0)",=C366*F366
,,,"=IFERROR(INDEX(Ingredients!$F$2:$F$500,MATCH(B367,Ingredients!$A$2:$A$500,0)),0)",=C367*D367,"=IFERROR(INDEX(Ingredients!$G$2:$G$500,MATCH(B367,Ingredients!$A$2:$A$500,0)),0)",=C367*F367
,,,"=IFERROR(INDEX(Ingredients!$F$2:$F$500,MATCH(B368,Ingredients!$A$2:$A$500,0)),0)",=C368*D368,"=IFERROR(INDEX(Ingredients!$G$2:$G$500,MATCH(B368,Ingredients!$A$2:$A$500,0)),0)",=C368*F368
,,,"=IFERROR(INDEX(Ingredients!$F$2:$F$500,MATCH(B369,Ingredients!$A$2:$A$500,0)),0)",=C369*D369,"=IFERROR(INDEX(Ingredients!$G$2:$G$500,MATCH(B369,Ingredients!$A$2:$A$500,0)),0)",=C369*F369
,,,"=IFERROR(INDEX(Ingredients!$F$2:$F$500,MATCH(B370,Ingredients!$A$2:$A$500,0)),0)",=C370*D370,"=IFERROR(INDEX(Ingredients!$G$2:$G$500,MATCH(B370,Ingredients!$A$2:$A$500,0)),0)",=C370*F370
,,,"=IFERROR(INDEX(Ingredients!$F$2:$F$500,MATCH(B371,Ingredients!$A$2:$A$500,0)),0)",=C371*D371,"=IFERROR(INDEX(Ingredients!$G$2:$G$500,MATCH(B371,Ingredients!$A$2:$A$500,0)),0)",=C371*F371
,,,"=IFERROR(INDEX(Ingredients!$F$2:$F$500,MATCH(B372,Ingredients!$A$2:$A$500,0)),0)",=C372*D372,"=IFERROR(INDEX(Ingredients!$G$2:$G$500,MATCH(B372,Ingredients!$A$2:$A$500,0)),0)",=C372*F372
,,,"=IFERROR(INDEX(Ingredients!$F$2:$F$500,MATCH(B373,Ingredients!$A$2:$A$500,0)),0)",=C373*D373,"=IFERROR(INDEX(Ingredients!$G$2:$G$500,MATCH(B373,Ingredients!$A$2:$A$500,0)),0)",=C373*F373
,,,"=IFERROR(INDEX(Ingredients!$F$2:$F$500,MATCH(B374,Ingredients!$A$2:$A$500,0)),0)",=C374*D374,"=IFERROR(INDEX(Ingredients!$G$2:$G$500,MATCH(B374,Ingredients!$A$2:$A$500,0)),0)",=C374*F374
,,,"=IFERROR(INDEX(Ingredients!$F$2:$F$500,MATCH(B375,Ingredients!$A$2:$A$500,0)),0)",=C375*D375,"=IFERROR(INDEX(Ingredients!$G$2:$G$500,MATCH(B375,Ingredients!$A$2:$A$500,0)),0)",=C375*F375
,,,"=IFERROR(INDEX(Ingredients!$F$2:$F$500,MATCH(B376,Ingredients!$A$2:$A$500,0)),0)",=C376*D376,"=IFERROR(INDEX(Ingredients!$G$2:$G$500,MATCH(B376,Ingredients!$A$2:$A$500,0)),0)",=C376*F376
,,,"=IFERROR(INDEX(Ingredients!$F$2:$F$500,MATCH(B377,Ingredients!$A$2:$A$500,0)),0)",=C377*D377,"=IFERROR(INDEX(Ingredients!$G$2:$G$500,MATCH(B377,Ingredients!$A$2:$A$500,0)),0)",=C377*F377
,,,"=IFERROR(INDEX(Ingredients!$F$2:$F$500,MATCH(B378,Ingredients!$A$2:$A$500,0)),0)",=C378*D378,"=IFERROR(INDEX(Ingredients!$G$2:$G$500,MATCH(B378,Ingredients!$A$2:$A$500,0)),0)",=C378*F378
,,,"=IFERROR(INDEX(Ingredients!$F$2:$F$500,MATCH(B379,Ingredients!$A$2:$A$500,0)),0)",=C379*D379,"=IFERROR(INDEX(Ingredients!$G$2:$G$500,MATCH(B379,Ingredients!$A$2:$A$500,0)),0)",=C379*F379
,,,"=IFERROR(INDEX(Ingredients!$F$2:$F$500,MATCH(B380,Ingredients!$A$2:$A$500,0)),0)",=C380*D380,"=IFERROR(INDEX(Ingredients!$G$2:$G$500,MATCH(B380,Ingredients!$A$2:$A$500,0)),0)",=C380*F380
,,,"=IFERROR(INDEX(Ingredients!$F$2:$F$500,MATCH(B381,Ingredients!$A$2:$A$500,0)),0)",=C381*D381,"=IFERROR(INDEX(Ingredients!$G$2:$G$500,MATCH(B381,Ingredients!$A$2:$A$500,0)),0)",=C381*F381
,,,"=IFERROR(INDEX(Ingredients!$F$2:$F$500,MATCH(B382,Ingredients!$A$2:$A$500,0)),0)",=C382*D382,"=IFERROR(INDEX(Ingredients!$G$2:$G$500,MATCH(B382,Ingredients!$A$2:$A$500,0)),0)",=C382*F382
,,,"=IFERROR(INDEX(Ingredients!$F$2:$F$500,MATCH(B383,Ingredients!$A$2:$A$500,0)),0)",=C383*D383,"=IFERROR(INDEX(Ingredients!$G$2:$G$500,MATCH(B383,Ingredients!$A$2:$A$500,0)),0)",=C383*F383
,,,"=IFERROR(INDEX(Ingredients!$F$2:$F$500,MATCH(B384,Ingredients!$A$2:$A$500,0)),0)",=C384*D384,"=IFERROR(INDEX(Ingredients!$G$2:$G$500,MATCH(B384,Ingredients!$A$2:$A$500,0)),0)",=C384*F384
,,,"=IFERROR(INDEX(Ingredients!$F$2:$F$500,MATCH(B385,Ingredients!$A$2:$A$500,0)),0)",=C385*D385,"=IFERROR(INDEX(Ingredients!$G$2:$G$500,MATCH(B385,Ingredients!$A$2:$A$500,0)),0)",=C385*F385
,,,"=IFERROR(INDEX(Ingredients!$F$2:$F$500,MATCH(B386,Ingredients!$A$2:$A$500,0)),0)",=C386*D386,"=IFERROR(INDEX(Ingredients!$G$2:$G$500,MATCH(B386,Ingredients!$A$2:$A$500,0)),0)",=C386*F386
,,,"=IFERROR(INDEX(Ingredients!$F$2:$F$500,MATCH(B387,Ingredients!$A$2:$A$500,0)),0)",=C387*D387,"=IFERROR(INDEX(Ingredients!$G$2:$G$500,MATCH(B387,Ingredients!$A$2:$A$500,0)),0)",=C387*F387
,,,"=IFERROR(INDEX(Ingredients!$F$2:$F$500,MATCH(B388,Ingredients!$A$2:$A$500,0)),0)",=C388*D388,"=IFERROR(INDEX(Ingredients!$G$2:$G$500,MATCH(B388,Ingredients!$A$2:$A$500,0)),0)",=C388*F388
,,,"=IFERROR(INDEX(Ingredients!$F$2:$F$500,MATCH(B389,Ingredients!$A$2:$A$500,0)),0)",=C389*D389,"=IFERROR(INDEX(Ingredients!$G$2:$G$500,MATCH(B389,Ingredients!$A$2:$A$500,0)),0)",=C389*F389
,,,"=IFERROR(INDEX(Ingredients!$F$2:$F$500,MATCH(B390,Ingredients!$A$2:$A$500,0)),0)",=C390*D390,"=IFERROR(INDEX(Ingredients!$G$2:$G$500,MATCH(B390,Ingredients!$A$2:$A$500,0)),0)",=C390*F390
,,,"=IFERROR(INDEX(Ingredients!$F$2:$F$500,MATCH(B391,Ingredients!$A$2:$A$500,0)),0)",=C391*D391,"=IFERROR(INDEX(Ingredients!$G$2:$G$500,MATCH(B391,Ingredients!$A$2:$A$500,0)),0)",=C391*F391
,,,"=IFERROR(INDEX(Ingredients!$F$2:$F$500,MATCH(B392,Ingredients!$A$2:$A$500,0)),0)",=C392*D392,"=IFERROR(INDEX(Ingredients!$G$2:$G$500,MATCH(B392,Ingredients!$A$2:$A$500,0)),0)",=C392*F392
,,,"=IFERROR(INDEX(Ingredients!$F$2:$F$500,MATCH(B393,Ingredients!$A$2:$A$500,0)),0)",=C393*D393,"=IFERROR(INDEX(Ingredients!$G$2:$G$500,MATCH(B393,Ingredients!$A$2:$A$500,0)),0)",=C393*F393
,,,"=IFERROR(INDEX(Ingredients!$F$2:$F$500,MATCH(B394,Ingredients!$A$2:$A$500,0)),0)",=C394*D394,"=IFERROR(INDEX(Ingredients!$G$2:$G$500,MATCH(B394,Ingredients!$A$2:$A$500,0)),0)",=C394*F394
,,,"=IFERROR(INDEX(Ingredients!$F$2:$F$500,MATCH(B395,Ingredients!$A$2:$A$500,0)),0)",=C395*D395,"=IFERROR(INDEX(Ingredients!$G$2:$G$500,MATCH(B395,Ingredients!$A$2:$A$500,0)),0)",=C395*F395
,,,"=IFERROR(INDEX(Ingredients!$F$2:$F$500,MATCH(B396,Ingredients!$A$2:$A$500,0)),0)",=C396*D396,"=IFERROR(INDEX(Ingredients!$G$2:$G$500,MATCH(B396,Ingredients!$A$2:$A$500,0)),0)",=C396*F396
,,,"=IFERROR(INDEX(Ingredients!$F$2:$F$500,MATCH(B397,Ingredients!$A$2:$A$500,0)),0)",=C397*D397,"=IFERROR(INDEX(Ingredients!$G$2:$G$500,MATCH(B397,Ingredients!$A$2:$A$500,0)),0)",=C397*F397
,,,"=IFERROR(INDEX(Ingredients!$F$2:$F$500,MATCH(B398,Ingredients!$A$2:$A$500,0)),0)",=C398*D398,"=IFERROR(INDEX(Ingredients!$G$2:$G$500,MATCH(B398,Ingredients!$A$2:$A$500,0)),0)",=C398*F398
,,,"=IFERROR(INDEX(Ingredients!$F$2:$F$500,MATCH(B399,Ingredients!$A$2:$A$500,0)),0)",=C399*D399,"=IFERROR(INDEX(Ingredients!$G$2:$G$500,MATCH(B399,Ingredients!$A$2:$A$500,0)),0)",=C399*F399
,,,"=IFERROR(INDEX(Ingredients!$F$2:$F$500,MATCH(B400,Ingredients!$A$2:$A$500,0)),0)",=C400*D400,"=IFERROR(INDEX(Ingredients!$G$2:$G$500,MATCH(B400,Ingredients!$A$2:$A$500,0)),0)",=C400*F400
,,,"=IFERROR(INDEX(Ingredients!$F$2:$F$500,MATCH(B401,Ingredients!$A$2:$A$500,0)),0)",=C401*D401,"=IFERROR(INDEX(Ingredients!$G$2:$G$500,MATCH(B401,Ingredients!$A$2:$A$500,0)),0)",=C401*F401
,,,"=IFERROR(INDEX(Ingredients!$F$2:$F$500,MATCH(B402,Ingredients!$A$2:$A$500,0)),0)",=C402*D402,"=IFERROR(INDEX(Ingredients!$G$2:$G$500,MATCH(B402,Ingredients!$A$2:$A$500,0)),0)",=C402*F402
,,,"=IFERROR(INDEX(Ingredients!$F$2:$F$500,MATCH(B403,Ingredients!$A$2:$A$500,0)),0)",=C403*D403,"=IFERROR(INDEX(Ingredients!$G$2:$G$500,MATCH(B403,Ingredients!$A$2:$A$500,0)),0)",=C403*F403
,,,"=IFERROR(INDEX(Ingredients!$F$2:$F$500,MATCH(B404,Ingredients!$A$2:$A$500,0)),0)",=C404*D404,"=IFERROR(INDEX(Ingredients!$G$2:$G$500,MATCH(B404,Ingredients!$A$2:$A$500,0)),0)",=C404*F404
,,,"=IFERROR(INDEX(Ingredients!$F$2:$F$500,MATCH(B405,Ingredients!$A$2:$A$500,0)),0)",=C405*D405,"=IFERROR(INDEX(Ingredients!$G$2:$G$500,MATCH(B405,Ingredients!$A$2:$A$500,0)),0)",=C405*F405
,,,"=IFERROR(INDEX(Ingredients!$F$2:$F$500,MATCH(B406,Ingredients!$A$2:$A$500,0)),0)",=C406*D406,"=IFERROR(INDEX(Ingredients!$G$2:$G$500,MATCH(B406,Ingredients!$A$2:$A$500,0)),0)",=C406*F406
,,,"=IFERROR(INDEX(Ingredients!$F$2:$F$500,MATCH(B407,Ingredients!$A$2:$A$500,0)),0)",=C407*D407,"=IFERROR(INDEX(Ingredients!$G$2:$G$500,MATCH(B407,Ingredients!$A$2:$A$500,0)),0)",=C407*F407
,,,"=IFERROR(INDEX(Ingredients!$F$2:$F$500,MATCH(B408,Ingredients!$A$2:$A$500,0)),0)",=C408*D408,"=IFERROR(INDEX(Ingredients!$G$2:$G$500,MATCH(B408,Ingredients!$A$2:$A$500,0)),0)",=C408*F408
,,,"=IFERROR(INDEX(Ingredients!$F$2:$F$500,MATCH(B409,Ingredients!$A$2:$A$500,0)),0)",=C409*D409,"=IFERROR(INDEX(Ingredients!$G$2:$G$500,MATCH(B409,Ingredients!$A$2:$A$500,0)),0)",=C409*F409
,,,"=IFERROR(INDEX(Ingredients!$F$2:$F$500,MATCH(B410,Ingredients!$A$2:$A$500,0)),0)",=C410*D410,"=IFERROR(INDEX(Ingredients!$G$2:$G$500,MATCH(B410,Ingredients!$A$2:$A$500,0)),0)",=C410*F410
,,,"=IFERROR(INDEX(Ingredients!$F$2:$F$500,MATCH(B411,Ingredients!$A$2:$A$500,0)),0)",=C411*D411,"=IFERROR(INDEX(Ingredients!$G$2:$G$500,MATCH(B411,Ingredients!$A$2:$A$500,0)),0)",=C411*F411
,,,"=IFERROR(INDEX(Ingredients!$F$2:$F$500,MATCH(B412,Ingredients!$A$2:$A$500,0)),0)",=C412*D412,"=IFERROR(INDEX(Ingredients!$G$2:$G$500,MATCH(B412,Ingredients!$A$2:$A$500,0)),0)",=C412*F412
,,,"=IFERROR(INDEX(Ingredients!$F$2:$F$500,MATCH(B413,Ingredients!$A$2:$A$500,0)),0)",=C413*D413,"=IFERROR(INDEX(Ingredients!$G$2:$G$500,MATCH(B413,Ingredients!$A$2:$A$500,0)),0)",=C413*F413
,,,"=IFERROR(INDEX(Ingredients!$F$2:$F$500,MATCH(B414,Ingredients!$A$2:$A$500,0)),0)",=C414*D414,"=IFERROR(INDEX(Ingredients!$G$2:$G$500,MATCH(B414,Ingredients!$A$2:$A$500,0)),0)",=C414*F414
,,,"=IFERROR(INDEX(Ingredients!$F$2:$F$500,MATCH(B415,Ingredients!$A$2:$A$500,0)),0)",=C415*D415,"=IFERROR(INDEX(Ingredients!$G$2:$G$500,MATCH(B415,Ingredients!$A$2:$A$500,0)),0)",=C415*F415
,,,"=IFERROR(INDEX(Ingredients!$F$2:$F$500,MATCH(B416,Ingredients!$A$2:$A$500,0)),0)",=C416*D416,"=IFERROR(INDEX(Ingredients!$G$2:$G$500,MATCH(B416,Ingredients!$A$2:$A$500,0)),0)",=C416*F416
,,,"=IFERROR(INDEX(Ingredients!$F$2:$F$500,MATCH(B417,Ingredients!$A$2:$A$500,0)),0)",=C417*D417,"=IFERROR(INDEX(Ingredients!$G$2:$G$500,MATCH(B417,Ingredients!$A$2:$A$500,0)),0)",=C417*F417
,,,"=IFERROR(INDEX(Ingredients!$F$2:$F$500,MATCH(B418,Ingredients!$A$2:$A$500,0)),0)",=C418*D418,"=IFERROR(INDEX(Ingredients!$G$2:$G$500,MATCH(B418,Ingredients!$A$2:$A$500,0)),0)",=C418*F418
,,,"=IFERROR(INDEX(Ingredients!$F$2:$F$500,MATCH(B419,Ingredients!$A$2:$A$500,0)),0)",=C419*D419,"=IFERROR(INDEX(Ingredients!$G$2:$G$500,MATCH(B419,Ingredients!$A$2:$A$500,0)),0)",=C419*F419
,,,"=IFERROR(INDEX(Ingredients!$F$2:$F$500,MATCH(B420,Ingredients!$A$2:$A$500,0)),0)",=C420*D420,"=IFERROR(INDEX(Ingredients!$G$2:$G$500,MATCH(B420,Ingredients!$A$2:$A$500,0)),0)",=C420*F420
,,,"=IFERROR(INDEX(Ingredients!$F$2:$F$500,MATCH(B421,Ingredients!$A$2:$A$500,0)),0)",=C421*D421,"=IFERROR(INDEX(Ingredients!$G$2:$G$500,MATCH(B421,Ingredients!$A$2:$A$500,0)),0)",=C421*F421
,,,"=IFERROR(INDEX(Ingredients!$F$2:$F$500,MATCH(B422,Ingredients!$A$2:$A$500,0)),0)",=C422*D422,"=IFERROR(INDEX(Ingredients!$G$2:$G$500,MATCH(B422,Ingredients!$A$2:$A$500,0)),0)",=C422*F422
,,,"=IFERROR(INDEX(Ingredients!$F$2:$F$500,MATCH(B423,Ingredients!$A$2:$A$500,0)),0)",=C423*D423,"=IFERROR(INDEX(Ingredients!$G$2:$G$500,MATCH(B423,Ingredients!$A$2:$A$500,0)),0)",=C423*F423
,,,"=IFERROR(INDEX(Ingredients!$F$2:$F$500,MATCH(B424,Ingredients!$A$2:$A$500,0)),0)",=C424*D424,"=IFERROR(INDEX(Ingredients!$G$2:$G$500,MATCH(B424,Ingredients!$A$2:$A$500,0)),0)",=C424*F424
,,,"=IFERROR(INDEX(Ingredients!$F$2:$F$500,MATCH(B425,Ingredients!$A$2:$A$500,0)),0)",=C425*D425,"=IFERROR(INDEX(Ingredients!$G$2:$G$500,MATCH(B425,Ingredients!$A$2:$A$500,0)),0)",=C425*F425
,,,"=IFERROR(INDEX(Ingredients!$F$2:$F$500,MATCH(B426,Ingredients!$A$2:$A$500,0)),0)",=C426*D426,"=IFERROR(INDEX(Ingredients!$G$2:$G$500,MATCH(B426,Ingredients!$A$2:$A$500,0)),0)",=C426*F426
,,,"=IFERROR(INDEX(Ingredients!$F$2:$F$500,MATCH(B427,Ingredients!$A$2:$A$500,0)),0)",=C427*D427,"=IFERROR(INDEX(Ingredients!$G$2:$G$500,MATCH(B427,Ingredients!$A$2:$A$500,0)),0)",=C427*F427
,,,"=IFERROR(INDEX(Ingredients!$F$2:$F$500,MATCH(B428,Ingredients!$A$2:$A$500,0)),0)",=C428*D428,"=IFERROR(INDEX(Ingredients!$G$2:$G$500,MATCH(B428,Ingredients!$A$2:$A$500,0)),0)",=C428*F428
,,,"=IFERROR(INDEX(Ingredients!$F$2:$F$500,MATCH(B429,Ingredients!$A$2:$A$500,0)),0)",=C429*D429,"=IFERROR(INDEX(Ingredients!$G$2:$G$500,MATCH(B429,Ingredients!$A$2:$A$500,0)),0)",=C429*F429
,,,"=IFERROR(INDEX(Ingredients!$F$2:$F$500,MATCH(B430,Ingredients!$A$2:$A$500,0)),0)",=C430*D430,"=IFERROR(INDEX(Ingredients!$G$2:$G$500,MATCH(B430,Ingredients!$A$2:$A$500,0)),0)",=C430*F430
,,,"=IFERROR(INDEX(Ingredients!$F$2:$F$500,MATCH(B431,Ingredients!$A$2:$A$500,0)),0)",=C431*D431,"=IFERROR(INDEX(Ingredients!$G$2:$G$500,MATCH(B431,Ingredients!$A$2:$A$500,0)),0)",=C431*F431
,,,"=IFERROR(INDEX(Ingredients!$F$2:$F$500,MATCH(B432,Ingredients!$A$2:$A$500,0)),0)",=C432*D432,"=IFERROR(INDEX(Ingredients!$G$2:$G$500,MATCH(B432,Ingredients!$A$2:$A$500,0)),0)",=C432*F432
,,,"=IFERROR(INDEX(Ingredients!$F$2:$F$500,MATCH(B433,Ingredients!$A$2:$A$500,0)),0)",=C433*D433,"=IFERROR(INDEX(Ingredients!$G$2:$G$500,MATCH(B433,Ingredients!$A$2:$A$500,0)),0)",=C433*F433
,,,"=IFERROR(INDEX(Ingredients!$F$2:$F$500,MATCH(B434,Ingredients!$A$2:$A$500,0)),0)",=C434*D434,"=IFERROR(INDEX(Ingredients!$G$2:$G$500,MATCH(B434,Ingredients!$A$2:$A$500,0)),0)",=C434*F434
,,,"=IFERROR(INDEX(Ingredients!$F$2:$F$500,MATCH(B435,Ingredients!$A$2:$A$500,0)),0)",=C435*D435,"=IFERROR(INDEX(Ingredients!$G$2:$G$500,MATCH(B435,Ingredients!$A$2:$A$500,0)),0)",=C435*F435
,,,"=IFERROR(INDEX(Ingredients!$F$2:$F$500,MATCH(B436,Ingredients!$A$2:$A$500,0)),0)",=C436*D436,"=IFERROR(INDEX(Ingredients!$G$2:$G$500,MATCH(B436,Ingredients!$A$2:$A$500,0)),0)",=C436*F436
,,,"=IFERROR(INDEX(Ingredients!$F$2:$F$500,MATCH(B437,Ingredients!$A$2:$A$500,0)),0)",=C437*D437,"=IFERROR(INDEX(Ingredients!$G$2:$G$500,MATCH(B437,Ingredients!$A$2:$A$500,0)),0)",=C437*F437
,,,"=IFERROR(INDEX(Ingredients!$F$2:$F$500,MATCH(B438,Ingredients!$A$2:$A$500,0)),0)",=C438*D438,"=IFERROR(INDEX(Ingredients!$G$2:$G$500,MATCH(B438,Ingredients!$A$2:$A$500,0)),0)",=C438*F438
,,,"=IFERROR(INDEX(Ingredients!$F$2:$F$500,MATCH(B439,Ingredients!$A$2:$A$500,0)),0)",=C439*D439,"=IFERROR(INDEX(Ingredients!$G$2:$G$500,MATCH(B439,Ingredients!$A$2:$A$500,0)),0)",=C439*F439
,,,"=IFERROR(INDEX(Ingredients!$F$2:$F$500,MATCH(B440,Ingredients!$A$2:$A$500,0)),0)",=C440*D440,"=IFERROR(INDEX(Ingredients!$G$2:$G$500,MATCH(B440,Ingredients!$A$2:$A$500,0)),0)",=C440*F440
,,,"=IFERROR(INDEX(Ingredients!$F$2:$F$500,MATCH(B441,Ingredients!$A$2:$A$500,0)),0)",=C441*D441,"=IFERROR(INDEX(Ingredients!$G$2:$G$500,MATCH(B441,Ingredients!$A$2:$A$500,0)),0)",=C441*F441
,,,"=IFERROR(INDEX(Ingredients!$F$2:$F$500,MATCH(B442,Ingredients!$A$2:$A$500,0)),0)",=C442*D442,"=IFERROR(INDEX(Ingredients!$G$2:$G$500,MATCH(B442,Ingredients!$A$2:$A$500,0)),0)",=C442*F442
,,,"=IFERROR(INDEX(Ingredients!$F$2:$F$500,MATCH(B443,Ingredients!$A$2:$A$500,0)),0)",=C443*D443,"=IFERROR(INDEX(Ingredients!$G$2:$G$500,MATCH(B443,Ingredients!$A$2:$A$500,0)),0)",=C443*F443
,,,"=IFERROR(INDEX(Ingredients!$F$2:$F$500,MATCH(B444,Ingredients!$A$2:$A$500,0)),0)",=C444*D444,"=IFERROR(INDEX(Ingredients!$G$2:$G$500,MATCH(B444,Ingredients!$A$2:$A$500,0)),0)",=C444*F444
,,,"=IFERROR(INDEX(Ingredients!$F$2:$F$500,MATCH(B445,Ingredients!$A$2:$A$500,0)),0)",=C445*D445,"=IFERROR(INDEX(Ingredients!$G$2:$G$500,MATCH(B445,Ingredients!$A$2:$A$500,0)),0)",=C445*F445
,,,"=IFERROR(INDEX(Ingredients!$F$2:$F$500,MATCH(B446,Ingredients!$A$2:$A$500,0)),0)",=C446*D446,"=IFERROR(INDEX(Ingredients!$G$2:$G$500,MATCH(B446,Ingredients!$A$2:$A$500,0)),0)",=C446*F446
,,,"=IFERROR(INDEX(Ingredients!$F$2:$F$500,MATCH(B447,Ingredients!$A$2:$A$500,0)),0)",=C447*D447,"=IFERROR(INDEX(Ingredients!$G$2:$G$500,MATCH(B447,Ingredients!$A$2:$A$500,0)),0)",=C447*F447
,,,"=IFERROR(INDEX(Ingredients!$F$2:$F$500,MATCH(B448,Ingredients!$A$2:$A$500,0)),0)",=C448*D448,"=IFERROR(INDEX(Ingredients!$G$2:$G$500,MATCH(B448,Ingredients!$A$2:$A$500,0)),0)",=C448*F448
,,,"=IFERROR(INDEX(Ingredients!$F$2:$F$500,MATCH(B449,Ingredients!$A$2:$A$500,0)),0)",=C449*D449,"=IFERROR(INDEX(Ingredients!$G$2:$G$500,MATCH(B449,Ingredients!$A$2:$A$500,0)),0)",=C449*F449
,,,"=IFERROR(INDEX(Ingredients!$F$2:$F$500,MATCH(B450,Ingredients!$A$2:$A$500,0)),0)",=C450*D450,"=IFERROR(INDEX(Ingredients!$G$2:$G$500,MATCH(B450,Ingredients!$A$2:$A$500,0)),0)",=C450*F450
,,,"=IFERROR(INDEX(Ingredients!$F$2:$F$500,MATCH(B451,Ingredients!$A$2:$A$500,0)),0)",=C451*D451,"=IFERROR(INDEX(Ingredients!$G$2:$G$500,MATCH(B451,Ingredients!$A$2:$A$500,0)),0)",=C451*F451
,,,"=IFERROR(INDEX(Ingredients!$F$2:$F$500,MATCH(B452,Ingredients!$A$2:$A$500,0)),0)",=C452*D452,"=IFERROR(INDEX(Ingredients!$G$2:$G$500,MATCH(B452,Ingredients!$A$2:$A$500,0)),0)",=C452*F452
,,,"=IFERROR(INDEX(Ingredients!$F$2:$F$500,MATCH(B453,Ingredients!$A$2:$A$500,0)),0)",=C453*D453,"=IFERROR(INDEX(Ingredients!$G$2:$G$500,MATCH(B453,Ingredients!$A$2:$A$500,0)),0)",=C453*F453
,,,"=IFERROR(INDEX(Ingredients!$F$2:$F$500,MATCH(B454,Ingredients!$A$2:$A$500,0)),0)",=C454*D454,"=IFERROR(INDEX(Ingredients!$G$2:$G$500,MATCH(B454,Ingredients!$A$2:$A$500,0)),0)",=C454*F454
,,,"=IFERROR(INDEX(Ingredients!$F$2:$F$500,MATCH(B455,Ingredients!$A$2:$A$500,0)),0)",=C455*D455,"=IFERROR(INDEX(Ingredients!$G$2:$G$500,MATCH(B455,Ingredients!$A$2:$A$500,0)),0)",=C455*F455
,,,"=IFERROR(INDEX(Ingredients!$F$2:$F$500,MATCH(B456,Ingredients!$A$2:$A$500,0)),0)",=C456*D456,"=IFERROR(INDEX(Ingredients!$G$2:$G$500,MATCH(B456,Ingredients!$A$2:$A$500,0)),0)",=C456*F456
,,,"=IFERROR(INDEX(Ingredients!$F$2:$F$500,MATCH(B457,Ingredients!$A$2:$A$500,0)),0)",=C457*D457,"=IFERROR(INDEX(Ingredients!$G$2:$G$500,MATCH(B457,Ingredients!$A$2:$A$500,0)),0)",=C457*F457
,,,"=IFERROR(INDEX(Ingredients!$F$2:$F$500,MATCH(B458,Ingredients!$A$2:$A$500,0)),0)",=C458*D458,"=IFERROR(INDEX(Ingredients!$G$2:$G$500,MATCH(B458,Ingredients!$A$2:$A$500,0)),0)",=C458*F458
,,,"=IFERROR(INDEX(Ingredients!$F$2:$F$500,MATCH(B459,Ingredients!$A$2:$A$500,0)),0)",=C459*D459,"=IFERROR(INDEX(Ingredients!$G$2:$G$500,MATCH(B459,Ingredients!$A$2:$A$500,0)),0)",=C459*F459
,,,"=IFERROR(INDEX(Ingredients!$F$2:$F$500,MATCH(B460,Ingredients!$A$2:$A$500,0)),0)",=C460*D460,"=IFERROR(INDEX(Ingredients!$G$2:$G$500,MATCH(B460,Ingredients!$A$2:$A$500,0)),0)",=C460*F460
,,,"=IFERROR(INDEX(Ingredients!$F$2:$F$500,MATCH(B461,Ingredients!$A$2:$A$500,0)),0)",=C461*D461,"=IFERROR(INDEX(Ingredients!$G$2:$G$500,MATCH(B461,Ingredients!$A$2:$A$500,0)),0)",=C461*F461
,,,"=IFERROR(INDEX(Ingredients!$F$2:$F$500,MATCH(B462,Ingredients!$A$2:$A$500,0)),0)",=C462*D462,"=IFERROR(INDEX(Ingredients!$G$2:$G$500,MATCH(B462,Ingredients!$A$2:$A$500,0)),0)",=C462*F462
,,,"=IFERROR(INDEX(Ingredients!$F$2:$F$500,MATCH(B463,Ingredients!$A$2:$A$500,0)),0)",=C463*D463,"=IFERROR(INDEX(Ingredients!$G$2:$G$500,MATCH(B463,Ingredients!$A$2:$A$500,0)),0)",=C463*F463
,,,"=IFERROR(INDEX(Ingredients!$F$2:$F$500,MATCH(B464,Ingredients!$A$2:$A$500,0)),0)",=C464*D464,"=IFERROR(INDEX(Ingredients!$G$2:$G$500,MATCH(B464,Ingredients!$A$2:$A$500,0)),0)",=C464*F464
,,,"=IFERROR(INDEX(Ingredients!$F$2:$F$500,MATCH(B465,Ingredients!$A$2:$A$500,0)),0)",=C465*D465,"=IFERROR(INDEX(Ingredients!$G$2:$G$500,MATCH(B465,Ingredients!$A$2:$A$500,0)),0)",=C465*F465
,,,"=IFERROR(INDEX(Ingredients!$F$2:$F$500,MATCH(B466,Ingredients!$A$2:$A$500,0)),0)",=C466*D466,"=IFERROR(INDEX(Ingredients!$G$2:$G$500,MATCH(B466,Ingredients!$A$2:$A$500,0)),0)",=C466*F466
,,,"=IFERROR(INDEX(Ingredients!$F$2:$F$500,MATCH(B467,Ingredients!$A$2:$A$500,0)),0)",=C467*D467,"=IFERROR(INDEX(Ingredients!$G$2:$G$500,MATCH(B467,Ingredients!$A$2:$A$500,0)),0)",=C467*F467
,,,"=IFERROR(INDEX(Ingredients!$F$2:$F$500,MATCH(B468,Ingredients!$A$2:$A$500,0)),0)",=C468*D468,"=IFERROR(INDEX(Ingredients!$G$2:$G$500,MATCH(B468,Ingredients!$A$2:$A$500,0)),0)",=C468*F468
,,,"=IFERROR(INDEX(Ingredients!$F$2:$F$500,MATCH(B469,Ingredients!$A$2:$A$500,0)),0)",=C469*D469,"=IFERROR(INDEX(Ingredients!$G$2:$G$500,MATCH(B469,Ingredients!$A$2:$A$500,0)),0)",=C469*F469
,,,"=IFERROR(INDEX(Ingredients!$F$2:$F$500,MATCH(B470,Ingredients!$A$2:$A$500,0)),0)",=C470*D470,"=IFERROR(INDEX(Ingredients!$G$2:$G$500,MATCH(B470,Ingredients!$A$2:$A$500,0)),0)",=C470*F470
,,,"=IFERROR(INDEX(Ingredients!$F$2:$F$500,MATCH(B471,Ingredients!$A$2:$A$500,0)),0)",=C471*D471,"=IFERROR(INDEX(Ingredients!$G$2:$G$500,MATCH(B471,Ingredients!$A$2:$A$500,0)),0)",=C471*F471
,,,"=IFERROR(INDEX(Ingredients!$F$2:$F$500,MATCH(B472,Ingredients!$A$2:$A$500,0)),0)",=C472*D472,"=IFERROR(INDEX(Ingredients!$G$2:$G$500,MATCH(B472,Ingredients!$A$2:$A$500,0)),0)",=C472*F472
,,,"=IFERROR(INDEX(Ingredients!$F$2:$F$500,MATCH(B473,Ingredients!$A$2:$A$500,0)),0)",=C473*D473,"=IFERROR(INDEX(Ingredients!$G$2:$G$500,MATCH(B473,Ingredients!$A$2:$A$500,0)),0)",=C473*F473
,,,"=IFERROR(INDEX(Ingredients!$F$2:$F$500,MATCH(B474,Ingredients!$A$2:$A$500,0)),0)",=C474*D474,"=IFERROR(INDEX(Ingredients!$G$2:$G$500,MATCH(B474,Ingredients!$A$2:$A$500,0)),0)",=C474*F474
,,,"=IFERROR(INDEX(Ingredients!$F$2:$F$500,MATCH(B475,Ingredients!$A$2:$A$500,0)),0)",=C475*D475,"=IFERROR(INDEX(Ingredients!$G$2:$G$500,MATCH(B475,Ingredients!$A$2:$A$500,0)),0)",=C475*F475
,,,"=IFERROR(INDEX(Ingredients!$F$2:$F$500,MATCH(B476,Ingredients!$A$2:$A$500,0)),0)",=C476*D476,"=IFERROR(INDEX(Ingredients!$G$2:$G$500,MATCH(B476,Ingredients!$A$2:$A$500,0)),0)",=C476*F476
,,,"=IFERROR(INDEX(Ingredients!$F$2:$F$500,MATCH(B477,Ingredients!$A$2:$A$500,0)),0)",=C477*D477,"=IFERROR(INDEX(Ingredients!$G$2:$G$500,MATCH(B477,Ingredients!$A$2:$A$500,0)),0)",=C477*F477
,,,"=IFERROR(INDEX(Ingredients!$F$2:$F$500,MATCH(B478,Ingredients!$A$2:$A$500,0)),0)",=C478*D478,"=IFERROR(INDEX(Ingredients!$G$2:$G$500,MATCH(B478,Ingredients!$A$2:$A$500,0)),0)",=C478*F478
,,,"=IFERROR(INDEX(Ingredients!$F$2:$F$500,MATCH(B479,Ingredients!$A$2:$A$500,0)),0)",=C479*D479,"=IFERROR(INDEX(Ingredients!$G$2:$G$500,MATCH(B479,Ingredients!$A$2:$A$500,0)),0)",=C479*F479
,,,"=IFERROR(INDEX(Ingredients!$F$2:$F$500,MATCH(B480,Ingredients!$A$2:$A$500,0)),0)",=C480*D480,"=IFERROR(INDEX(Ingredients!$G$2:$G$500,MATCH(B480,Ingredients!$A$2:$A$500,0)),0)",=C480*F480
,,,"=IFERROR(INDEX(Ingredients!$F$2:$F$500,MATCH(B481,Ingredients!$A$2:$A$500,0)),0)",=C481*D481,"=IFERROR(INDEX(Ingredients!$G$2:$G$500,MATCH(B481,Ingredients!$A$2:$A$500,0)),0)",=C481*F481
,,,"=IFERROR(INDEX(Ingredients!$F$2:$F$500,MATCH(B482,Ingredients!$A$2:$A$500,0)),0)",=C482*D482,"=IFERROR(INDEX(Ingredients!$G$2:$G$500,MATCH(B482,Ingredients!$A$2:$A$500,0)),0)",=C482*F482
,,,"=IFERROR(INDEX(Ingredients!$F$2:$F$500,MATCH(B483,Ingredients!$A$2:$A$500,0)),0)",=C483*D483,"=IFERROR(INDEX(Ingredients!$G$2:$G$500,MATCH(B483,Ingredients!$A$2:$A$500,0)),0)",=C483*F483
,,,"=IFERROR(INDEX(Ingredients!$F$2:$F$500,MATCH(B484,Ingredients!$A$2:$A$500,0)),0)",=C484*D484,"=IFERROR(INDEX(Ingredients!$G$2:$G$500,MATCH(B484,Ingredients!$A$2:$A$500,0)),0)",=C484*F484
,,,"=IFERROR(INDEX(Ingredients!$F$2:$F$500,MATCH(B485,Ingredients!$A$2:$A$500,0)),0)",=C485*D485,"=IFERROR(INDEX(Ingredients!$G$2:$G$500,MATCH(B485,Ingredients!$A$2:$A$500,0)),0)",=C485*F485
,,,"=IFERROR(INDEX(Ingredients!$F$2:$F$500,MATCH(B486,Ingredients!$A$2:$A$500,0)),0)",=C486*D486,"=IFERROR(INDEX(Ingredients!$G$2:$G$500,MATCH(B486,Ingredients!$A$2:$A$500,0)),0)",=C486*F486
,,,"=IFERROR(INDEX(Ingredients!$F$2:$F$500,MATCH(B487,Ingredients!$A$2:$A$500,0)),0)",=C487*D487,"=IFERROR(INDEX(Ingredients!$G$2:$G$500,MATCH(B487,Ingredients!$A$2:$A$500,0)),0)",=C487*F487
,,,"=IFERROR(INDEX(Ingredients!$F$2:$F$500,MATCH(B488,Ingredients!$A$2:$A$500,0)),0)",=C488*D488,"=IFERROR(INDEX(Ingredients!$G$2:$G$500,MATCH(B488,Ingredients!$A$2:$A$500,0)),0)",=C488*F488
,,,"=IFERROR(INDEX(Ingredients!$F$2:$F$500,MATCH(B489,Ingredients!$A$2:$A$500,0)),0)",=C489*D489,"=IFERROR(INDEX(Ingredients!$G$2:$G$500,MATCH(B489,Ingredients!$A$2:$A$500,0)),0)",=C489*F489
,,,"=IFERROR(INDEX(Ingredients!$F$2:$F$500,MATCH(B490,Ingredients!$A$2:$A$500,0)),0)",=C490*D490,"=IFERROR(INDEX(Ingredients!$G$2:$G$500,MATCH(B490,Ingredients!$A$2:$A$500,0)),0)",=C490*F490
,,,"=IFERROR(INDEX(Ingredients!$F$2:$F$500,MATCH(B491,Ingredients!$A$2:$A$500,0)),0)",=C491*D491,"=IFERROR(INDEX(Ingredients!$G$2:$G$500,MATCH(B491,Ingredients!$A$2:$A$500,0)),0)",=C491*F491
,,,"=IFERROR(INDEX(Ingredients!$F$2:$F$500,MATCH(B492,Ingredients!$A$2:$A$500,0)),0)",=C492*D492,"=IFERROR(INDEX(Ingredients!$G$2:$G$500,MATCH(B492,Ingredients!$A$2:$A$500,0)),0)",=C492*F492
,,,"=IFERROR(INDEX(Ingredients!$F$2:$F$500,MATCH(B493,Ingredients!$A$2:$A$500,0)),0)",=C493*D493,"=IFERROR(INDEX(Ingredients!$G$2:$G$500,MATCH(B493,Ingredients!$A$2:$A$500,0)),0)",=C493*F493
,,,"=IFERROR(INDEX(Ingredients!$F$2:$F$500,MATCH(B494,Ingredients!$A$2:$A$500,0)),0)",=C494*D494,"=IFERROR(INDEX(Ingredients!$G$2:$G$500,MATCH(B494,Ingredients!$A$2:$A$500,0)),0)",=C494*F494
,,,"=IFERROR(INDEX(Ingredients!$F$2:$F$500,MATCH(B495,Ingredients!$A$2:$A$500,0)),0)",=C495*D495,"=IFERROR(INDEX(Ingredients!$G$2:$G$500,MATCH(B495,Ingredients!$A$2:$A$500,0)),0)",=C495*F495
,,,"=IFERROR(INDEX(Ingredients!$F$2:$F$500,MATCH(B496,Ingredients!$A$2:$A$500,0)),0)",=C496*D496,"=IFERROR(INDEX(Ingredients!$G$2:$G$500,MATCH(B496,Ingredients!$A$2:$A$500,0)),0)",=C496*F496
,,,"=IFERROR(INDEX(Ingredients!$F$2:$F$500,MATCH(B497,Ingredients!$A$2:$A$500,0)),0)",=C497*D497,"=IFERROR(INDEX(Ingredients!$G$2:$G$500,MATCH(B497,Ingredients!$A$2:$A$500,0)),0)",=C497*F497
,,,"=IFERROR(INDEX(Ingredients!$F$2:$F$500,MATCH(B498,Ingredients!$A$2:$A$500,0)),0)",=C498*D498,"=IFERROR(INDEX(Ingredients!$G$2:$G$500,MATCH(B498,Ingredients!$A$2:$A$500,0)),0)",=C498*F498
,,,"=IFERROR(INDEX(Ingredients!$F$2:$F$500,MATCH(B499,Ingredients!$A$2:$A$500,0)),0)",=C499*D499,"=IFERROR(INDEX(Ingredients!$G$2:$G$500,MATCH(B499,Ingredients!$A$2:$A$500,0)),0)",=C499*F499
,,,"=IFERROR(INDEX(Ingredients!$F$2:$F$500,MATCH(B500,Ingredients!$A$2:$A$500,0)),0)",=C500*D500,"=IFERROR(INDEX(Ingredients!$G$2:$G$500,MATCH(B500,Ingredients!$A$2:$A$500,0)),0)",=C500*F500
